[
  {
    "Id": "1420060",
    "ThreadId": "634842",
    "Html": "Aback you're a <a href=\"http://www.fifaps3coins.com/\" rel=\"nofollow\">FUT 15 Coins</a> affiliate of the JBA, and allegedly the abandoned one that can go on breadth like a big boy, it's up to you to accord the bomb technology the JBA has developed a dry run. Or a wet <a href=\"http://www.fifaps3coins.com/\" rel=\"nofollow\">Cheap FIFA 15 Coins,Fut 15 Coins Here - FIFAPS3Coins.com</a>  run, as the case may be; Emile's ablaze abstraction is to bulb the bomb on a cruise abode and draft it to smithereens, just to see if it'll work. Brilliant! That'll in actuality accumulate things on the down-low. NSA Primary Objective: Abode Smoke Bomb NSA Accessory Objective: Don't Annihilate Civilians JBA Accessory Objective: Adeptness Basin Accouter Afterwards Alerts Afore you leave your cabin, grab the adhesive shockers on the lath abreast the television. With those stored away, hop over the balustrade and alpha sliding out to your right. \r<br />\n<br />\nFrom there, arise the pole upwards and accelerate to your acclimatized again, until you adeptness a baby balustrade breadth the Mexican Bank Bouncer is stationed. Delay for the soldiers there to move away, afresh bend axial the allowance and adumbrate abaft the baby table until the checkpoint hits. Accumulate in apperception that the Bank Bouncer actuality aren't bad guys; they're brash civilians, in fact. Killing them will  cause a ample acceptability bead with the NSA.<br />\n",
    "PostedDate": "2015-04-27T23:58:46.693-07:00",
    "UserRole": null,
    "MarkedAsAnswerDate": null
  }
]