[
  {
    "Id": "1331259",
    "ThreadId": "574740",
    "Html": "I have a Gridview with a Panel (PanelA),  CollapsiblePanelExtender, DynamicPopulateExtender and a Webmethod to load Subinformations into a second panel (PanelAuftragsdokumente).\r<br />\n<br />\nThe PanelA is PopulateTriggerControlID and ExpandControlID. If PanelA clicked, Webmethod fire twice.\r<br />\n<br />\nHow can i stop the second Execution of Webmethod from only one click?\r<br />\n<br />\nKind Regards\r<br />\nDick<br />\n<pre><code>                          &lt;asp:Panel ID=&quot;PanelA&quot; runat=&quot;server&quot; style=&quot;cursor: pointer;&quot;&gt;\n                                    &lt;div class=&quot;headline3&quot;&gt;\n                                        &lt;asp:Image ID=&quot;ImageA&quot; runat=&quot;server&quot; ImageAlign=&quot;AbsMiddle&quot;  ImageUrl=&quot;~/images/expand.jpg&quot; /&gt;\n                                        Auftragsdokumente\n                                    &lt;/div&gt;\n                             &lt;/asp:Panel&gt;\n                                   &lt;ajaxToolkit:DynamicPopulateExtender ID=&quot;DPE1&quot; runat=&quot;server&quot;   \n                                   PopulateTriggerControlID=&quot;PanelA&quot; \n                                   CacheDynamicResults=&quot;True&quot; \n                                   ClearContentsDuringUpdate=&quot;true&quot; \n                                   EnableViewState=&quot;False&quot;\n                                   ServiceMethod=&quot;WS_GetAuftragsdokumente&quot; \n                                   ContextKey='&lt;%# Convert.ToString(Eval(&quot;SENDUNGID&quot;)) + &quot;_&quot; + Convert.ToString(Session(&quot;KdNr&quot;)) %&gt;' \n                                   TargetControlID=&quot;PanelAuftragsdokumente&quot; /&gt;\n                                  &lt;ajaxToolkit:CollapsiblePanelExtender ID=&quot;CPE1&quot; runat=&quot;server&quot; \n                                    TargetControlID=&quot;PanelAuftragsdokumente&quot;\n                                    ExpandControlID=&quot;PanelA&quot;\n                                    CollapseControlID=&quot;PanelA&quot; \n                                    Collapsed=&quot;True&quot;\n                                    ImageControlID=&quot;ImageA&quot;    \n                                    ExpandedText=&quot;(Dokumente verbergen...)&quot;\n                                    CollapsedText=&quot;(Dokumente anzeigen...)&quot;\n                                    ExpandedImage=&quot;~/images/collapse_blue.jpg&quot;\n                                    CollapsedImage=&quot;~/images/expand_blue.jpg&quot;\n                                    SuppressPostBack=&quot;true&quot;/&gt;\n                            &lt;asp:Panel ID=&quot;PanelAuftragsdokumente&quot; runat=&quot;server&quot; style=&quot;margin-left:20px;&quot;&gt;&lt;/asp:Panel&gt; </code></pre>\n\n",
    "PostedDate": "2014-12-12T01:56:00.623-08:00",
    "UserRole": null,
    "MarkedAsAnswerDate": null
  }
]