[
  {
    "Id": "1293804",
    "ThreadId": "562219",
    "Html": "The main low cost <a href=\"http://www.nikelebron12sale.com/\" rel=\"nofollow\">nike kd 6 for sale</a> is timetabled in ranging gradations associated with reddish, which has a dark outsole finish the actual satisfied several down properly. Zero recognized color manner, style not any. and also release date has grown announced nonetheless hence continue tuned in to Wonderful Kicks in the event that it is absolutely essential cop for you. Even so, 1 fresh new model that s unquestionably received you revved across the workplace are these types of blistering low-priced nike shoes or boots shop Alphas. Nike Vac Technical technological innovation which in turn purposes thermo moulded, hoover squeezed systems connected with making to get a shoe from just one part higher.\r<br />\n<br />\nThis kind of <a href=\"http://www.nikelebron12sale.com/\" rel=\"nofollow\">nike kd vi for sale</a> store version belonging to the footwear gives a classic in to the fresh one hundred year although keeping a very nominal in addition to clear glance. The particular generally acknowledged grass shoe from the 90s will be returning! The low cost nike sneakers outlet seemed to be put on by simply impressive sportsmen which includes Deion Sanders. Rubber outsole delivers superb traction. That colorway is Dark as well as Varsity, White wine plus red. The actual low cost nike shoes store is focused in order to send out in that Summer time connected with 2012 having a newer facelift. Building on the OG NINETY FIVE 360, the brand new as well as upcoming 95 360 comes with a retooled higher plus the new low-priced nike shoes and boots electric outlet Accessible Atmosphere Model. To become unit, the particular Nike Surroundings Utmost Lighting will be specifically 24 decades nonetheless this haven't ceased the enthusiasts from even now caring and obtaining the following sneaker. The reason why? Trained with meshes your thoroughly clean pattern along with better comfort along with the typical appear.\r<br />\n<br />\nOr maybe probably do you find it the actual tasteful combined interesting colorings? Or possibly them s the ideal suitable for pace model of account? The correct solution is extremely easy, all the on top of, additionally even more. Considering we've got recently been working with any operating model of <a href=\"http://www.nikelebron12sale.com/nike-kobe-bryant/nike-kobe-8\" rel=\"nofollow\">nike kobe 8 for sale</a>, traction is usually a major issue and therefore makers decided to choose rubber outsole and various tread habit. Wonderful cushioning will be offered by the phylon midsole of which has an great Air conditioning Only camera positioned while in the heel. It makes sure of superb cushioning and a noticeably mild cruise. It could be also been a tad seeing that we all ve observed everything through the low-priced nike shoes and boots electric outlet produce, aside from fall/winter 2011 Nike brings all of us the particular brand new low-priced nike shoes wall socket Black/Challenge Reddish. Their own your whole body encouraged pattern captured the minds connected with together sporting men along with devotees through the Swoosh.\r<br />\n<br />\nAs long as they formerly introduced for the court inside 1995, Eastbay had been among the most important retailers hauling affordable nike shoes shop line along with offered the actual cheap nike footwear wall socket in a very a great number of quantity of dyes means. The low-priced nike footwear store is focused to go back with the summer months with 2012 using a more contemporary face lift. Building within the OG NINETY FIVE 360, the current as well as upcoming 95 360 comes with a retooled higher along with the new <a href=\"http://www.nikelebron12sale.com/nike-lebron/nike-lebron-11\" rel=\"nofollow\">nike lebron 11 for sale</a> Accessible Air conditioning Product.<br />\n",
    "PostedDate": "2014-08-26T23:28:28.893-07:00",
    "UserRole": null,
    "MarkedAsAnswerDate": null
  }
]