[
  {
    "Id": "1327554",
    "ThreadId": "573631",
    "Html": "<a href=\"http://www.airmaxnike2014fr.com/\" rel=\"nofollow\">nike air max pas cher</a> is set for you to release this Dunk Small Premiums SB &quot;Disposable&quot; along with LeBron TWELVE MONTH PERIOD &quot;Instinct&quot; within The fall of 2014. About The fall of 19, Fine Kicks reported the fact that Nike Dunk Very low Payment SB &quot;Disposable&quot; may release, featuring a new charcoal, pink foil and also white wine colorway. That boots and shoes may generate in Wednesday during 7: 00 any. m. EDT but will be offered along with Foot Locker at the in the store price of $105.\r<br />\n<br />\n<a href=\"http://www.airmaxnike2014fr.com/nike-roshe-run\" rel=\"nofollow\">nike roshe run pas cher</a> &quot;Disposable&quot; commemorates that 10th husband's with &quot;Disposable: ANY Record connected with Skateboard Art&quot; by means of celebrated artist Sean Cliver, determined by a new record. Nike SB repays tribute with all the concept &quot;Disposable&quot; stitched around the back heel from the trainer. Made from topic from the shoe is related to the publication as the insoles present this covert fine art.\r<br />\n<br />\nTop of the of the shoe can be predominantly charcoal suede. That bottom portion can be off white, bordered through black suede. This tongue can be dark which has a lilac foil <a href=\"http://www.airmaxnike2014fr.com/nike-air-max\" rel=\"nofollow\">nike air max 1 pas cher</a> tag. There is also the word of advice involving white wine tumbled buckskin with the ankle community. The boot has a chewing gum base along with methods regarding red foil at the front end piece. This great Swoosh to the aspect, shoelaces and also middle coating are also white foil. This insole characteristics the word &quot;Disposable&quot; throughout white foil against the charcoal background.\r<br />\n<br />\nTrainer Information additionally reported that will a further colorway in the LeBron TWELVE will likely be accessible. The brand new colorway was prompted by means of LeBron's 20/20 eyesight along with remarkable agility along with velocity. These types of about three attributes are generally such as the best way the hummingbird navigates. The colors to the package tag are generally called &quot;Cave Purple/Hyper Grape-Hyper Crimson-Hyper Turquoise&quot;. This Nike LeBron TWELVE MONTH PERIOD &quot;Instinct&quot; is set for you to kick off on Wednesday, November 23, 2014 noted the fact that <a href=\"http://www.airmaxnike2014fr.com/nike-free\" rel=\"nofollow\">nike free 5.0 pas cher</a> &quot;Instinct&quot; are going to be offered by the in the store tariff of $200. Singular binocular for each shopper are going to be released. Foot or so Locker will likely become giving the shoes and boots with Saturday with many sites controlling a new raffle pull process to offer audience a chance to obtain the particular footwear.\r<br />\n<br />\nMoreover, <a href=\"http://www.airmaxnike2014fr.com/nike-air-max\" rel=\"nofollow\">nike air max 90 pas cher</a> are going to be offering a new artwork method intended for the first time. The video to the part panels of the hockey shoe, prompted because of the wings of an hummingbird, are going to be contained in the personalization possibilities on the customization web page. Boot debt collectors anticipate additional visual layouts that they are easily obtainable in the next several weeks. Individuals who wish to make use of NikeID may also use the modern visual if customizing the LeBron TWELVE outset November TWENTY TWO.<br />\n",
    "PostedDate": "2014-11-30T22:03:48.41-08:00",
    "UserRole": null,
    "MarkedAsAnswerDate": null
  }
]