[
  {
    "Id": "1348523",
    "ThreadId": "579334",
    "Html": "Nowadays, Nike The game of golf introduced this <a href=\"http://www.kicksuk21.co.uk/nike-free\" rel=\"nofollow\">nike free run sale uk</a> featuring Flyweave technological know-how. A couple of days past, MY PARTNER AND I spoken to Tiger Trees and shrubs within the sneaker. Dreams can are available accurate.\r<br />\n<br />\nWhen you possessed explained again after i has been an increased education senior citizen that we would likely one day have a chance to help chat buy together with Tiger Jungle related to his / her bank black-jack shoe, I'd possess instructed anyone of which you’re more prone to play around socks around the course. Nicely, Flyweave can be poised to allow anyone of which sock-like think as it gives you a number of the exact aspects because the game-changing Air flow Jordan XX9. As well as WHEN I interviewed Tiger regarding it. 2015 is a odd time frame certainly.\r<br />\n<br />\nIt's no real shock which Tiger Trees and shrubs is usually profoundly concerned along the way along with design and style associated with his or her bank sneaker. Taking into account how rapid his or her movement swiftness may be, he or she desires any boot that's going to strike that great place associated with stability and also mobility with out comprising electrical power. Most of us won’t recognize privately until we all basically find a chance to enjoy inside the TW 16 should the world of golf entire world plus hacks similar to me tend to be ready pertaining to such a exclusive content, though the much more modern day pattern of which began considering the <a href=\"http://www.kicksuk21.co.uk/nike-roshe-run\" rel=\"nofollow\">nike roshe run sale uk</a> displays of which Nike Golf can be at the very least planning in order to get some sort of much wider target audience with all the TW 12-15.\r<br />\n<br />\nTobie Hatfield: It’s essentially a new quite change. If you believe with regards to crochet some sort of sweater vs . weaving a pair of skinny jeans after that you will see your change (between Flyweave and also Flyknit). Using weaving you can receive a small amount more restrictive so the finish is definitely a bit more smooth. By using knit you can observe and also really feel the particular undulations as well as genuine fabric may not be as in close proximity collectively. You can even actually apply much better fibers inside Flyweave as well which have increased tensile energy in the process. That’s precisely why WHEN I decided to work with Flyweave above <a href=\"http://www.kicksuk21.co.uk/nike-free/nike-free-trainer-5-0\" rel=\"nofollow\">nike free trainer 5.0 uk</a>. Tiger needs significant amounts of steadiness nonetheless using ability to move. The great thing is that one could have got a linen appear and feel yet but no problem him this toughness and balance in which your dog would need to handle a vital 120 mile for each an hour swing movement.\r<br />\n<br />\nTiger Timber: Yep, so what we’re trying to carry out is usually make the following brand (the TW line) and you also create several idiosyncrasies in order to this. Just like most of us experienced <a href=\"http://www.kicksuk21.co.uk/nike-free/nike-free-5-0-womens\" rel=\"nofollow\">nike free 5.0 womens uk</a> from the very last just one plus generally persons can generate no matter what coloring style that they needed. While using 16 all of us planned to go on it into the subsequent degree along with Flyweave has been of which future amount. Most people subtracted a couple ounces involving fat for the shoe and received my family reduce towards soil a bit extra. We can really feel this terrain; WHEN I don’t feel seeing that in the event the sneaker is heavy. You’re against your feet actions working hours every day which invests a new toll in your human body particularly when you’re participating in by way of weather condition delays after which it go back morning and engage in 36 divots, just about all this accumulates.\r<br />\n<br />\nAlso the thing that we preferred related to <a href=\"http://www.kicksuk21.co.uk/nike-air-max/nike-air-max-2014-womens\" rel=\"nofollow\">nike air max 2014 womens uk</a> seemed to be when i 1st tried out the item, that wasn’t perfect. It was before truly way too variable and it seemed to be as well loose and I got going above with this ankle. And so the nice factor is always that we designed a realignment after which you can devoid of putting any kind of parts towards footwear, (Tobie) placed the idea similar excess fat and then boom, Relating to this electricity backside, Concerning this swiftness and I have a bit additional flexibility in comparison with Pondered within the 14s.<br />\n",
    "PostedDate": "2015-02-03T00:35:24.29-08:00",
    "UserRole": null,
    "MarkedAsAnswerDate": null
  }
]