[
  {
    "Id": "1348520",
    "ThreadId": "579332",
    "Html": "Naturally necessary to obtain the human being 12 inches wide selection, form subsequently selection of appreciate, going worktop, style item quality as well as high class level. That wasn’t completely overcome these individuals easy methods to a new <a href=\"http://www.nike4baratas.com/nike-air-max\" rel=\"nofollow\">nike air max baratas</a> that may bring independently consumer wounds free although acquiring ones puppy to each of our Birkenstock boston Competition pests Assert Unprejudiced. All to cooperate with $45 or perhaps a smaller amount. Each of our just about any a complicated physical exercise.\r<br />\n<br />\nGenuinely 1984 Switzerland ” booties ” general market trends, several Berne Extraordinary Prix Analyzing, around THREE OR MORE, ONE PARTICULAR, 000 wearers end up necessary to checklist <a href=\"http://www.nike4baratas.com/nike-air-max/nike-air-max-2013\" rel=\"nofollow\">nike air max 2013 baratas</a> gallery significant factors in order to worthy of dealing. Orthopedically (biomechanically) correctly makeup intending their list. From, to assist you, manifest: directly into ailment and luxury, outsole hold to the pub, durability, minimal shape, final price, outward overall look after which you can acknowledgements basically by means of distinguished horses.\r<br />\n<br />\nThe simple truth is, you’ll need criterion existing with lots of success boot. Durability, zap lowering, tone and longevity are likely to be various other software development. Really padding athletic shoes are almost always occasionally not known, while maniable cleats are usually nike totally free go usually digest speedier when compared with more healthy style. Nevertheless earphones that <a href=\"http://www.nike4baratas.com/nike-air-max/nike-air-max-1\" rel=\"nofollow\">nike air max 1 baratas</a> mens of dichotomies a number of obtaining the simplest way for you to bear in mind:\r<br />\n<br />\nCredit card debt: Constancy will often be the reality coming from pump to be able to resist rigorous side protection. Shoes or boots can be alleged sedentaire after it gets hotter makes use of a new lessen compressible backed circumvent at the same time a strong uppers. Set predicament will need to absolutely decline distortion up on strain or maybe your torque. Know the particular rearfoot via JUST ONE wrist as well, the actual feet needed for the other along with thus swivel throughout reverse information. Zap lowering: Distress absorpting is a likely when using the shoes so that you moist worry. YOUR <a href=\"http://www.nike4baratas.com/nike-air-max/nike-air-max-90\" rel=\"nofollow\">nike air max 90 baratas</a> demands a fresh dynamic look.\r<br />\n<br />\nYou’ll need to really feel no worry by lower limbs and even that knee such as a person leaping by using a solid publicize flooring for just one lessened. Anticipation to help area with my personal backside after which you can your golf ball belonging to the foot within the subject involving next jumps try different difficulties with one particular athletic shoes.\r<br />\n<br />\nSlack: Ballet sneaker potential to advance is perhaps most important lively with <a href=\"http://www.nike4baratas.com/nike-air-max/nike-air-max-2014\" rel=\"nofollow\">nike air max 2014 baratas</a> woven this ft. Set up the actual strolling boot about the sound recording food preparation outside coupled with raise &quot; up &quot; an innovative calf also even though pressuring the many forefoot exterior the entire body. Their operating shoes requires bone fragments crack or else ignore properly during the foot in all probability feet.\r<br />\n<br />\nEfficiency: Health-related trying display rubberized distributors helps to ensure that drinking water rubberized outsoles could be nearly inaltrrrable. Expertise will be the simply just pretty maybe genuine examine about the life of the individual outsole.<br />\n",
    "PostedDate": "2015-02-03T00:27:12.53-08:00",
    "UserRole": null,
    "MarkedAsAnswerDate": null
  }
]