[
  {
    "Id": "1328293",
    "ThreadId": "573878",
    "Html": "Another time you view your selected soccer or even golf ball game, you will be possibly seeing a sheet of Chicago to the courtroom or even industry. Chicago's Horween Set Firm is often a well-oiled device. Many experts have a leading tannery for additional compared to A HUNDRED years.\r<br />\n&quot;So most people invest in cowhides in addition to horsehides as well as most of us course of action these folks in leather designed for <a href=\"http://www.23nikebaratas.com/nike-air-max/nike-air-max-90\" rel=\"nofollow\">nike air max 90 baratas</a> jobs, &quot; explained Skip Horween, leader regarding Horween Household leather Organization.\r<br />\n<br />\nAll those clients is a digital &quot;who's who&quot; with U . s citizens community. When it is really created from set, likelihood is it gets going available below at Elston heli-copter flight Kennedy : the actual tannery would make household leather pertaining to shoemakers similar to Timberland, Wolverine, Frye, Alden in addition to Allen Edmonds.\r<br />\nNevertheless many of the idea goes for showing off items. &quot;We complete household leather for Wilson for any NFL as well as for <a href=\"http://www.23nikebaratas.com/nike-air-max\" rel=\"nofollow\">nike air max baratas</a> as well as Spaulding and then for Rawlings, &quot; Horween explained. &quot;And then regarding Rawlings therefore to their master model hockey devices. As well as reasonably a short while ago in the background i am doing the effort with Spaulding for any NBA basketballs. &quot;\r<br />\n<br />\nSkip's great-great-grandfather Isidore Horween started the business back in 1905 following emigrating for the U. AZINES. in the Ukraine. In the past there were 20 tanneries within Chicago. Horween will be the only survivor. &quot;The toughest matter that could come about was to receive trapped medium-sized, because of the big men have <a href=\"http://www.23nikebaratas.com/nike-air-max/nike-air-max-2013\" rel=\"nofollow\">nike air max 2013 baratas</a> more affordable and also the little men have them superior, &quot; Horween explained. &quot;So we've often been on the list of little males. &quot;\r<br />\n<br />\nIt really is a strong involved course of action for these people, building the many textures, styles in addition to hues with regard to this kind of high-profile consumers. Nevertheless every time they notice the outcome, they will claim it really is just about all of great benefit. &quot;We take plenty of pride in the container, &quot; Horween explained. &quot;I signify MY PARTNER AND I obtain kick out with at Sundays watching the actual projectiles move through the actual aim posting and also reviewing alternative athletics in TELEVISION SET. POST drive my wife insane simply because everyone is taking walks simply by plus I am just constantly contemplating his or her <a href=\"http://www.23nikebaratas.com/nike-air-max/nike-air-max-1\" rel=\"nofollow\">nike air max 1 baratas</a> !&quot;\r<br />\n<br />\nThey are within this very same developing given that 1920. Even though almost all tanneries at the moment are in China, Horween Set Organization features absolutely no programs for you to abandon Chicago. In actual fact, Horween's overdue dad appeared to be one time requested related to organising shop with Offshore, exactly where labor had been less expensive. &quot;Are you any household leather gentleman or even a new Chicago chap? This individual explained 'I'm some sort of Chicago gentleman! If you wish to proceed to China, that is certainly around everyone! &quot; Horween explained.\r<br />\n<br />\nHorween likewise creates household leather <a href=\"http://www.23nikebaratas.com/nike-air-max/nike-air-max-2014\" rel=\"nofollow\">nike air max 2014 baratas</a> for any organization Shinola and they are now supplying the actual leather for the new line of purses and handbags through Origins within The us. In addition these are gonna get started producing house watchbands regarding Motorola's fresh SmartWatches. Chicago organization to Chicago firm!<br />\n",
    "PostedDate": "2014-12-02T23:33:59.613-08:00",
    "UserRole": null,
    "MarkedAsAnswerDate": null
  }
]