[
  {
    "Id": "1348522",
    "ThreadId": "579333",
    "Html": "<a href=\"http://www.nike4kaufen.com/adidas-originals/\" rel=\"nofollow\">adidas originals schuhe</a> supporters get a chance to cuddle in place within his / her bed comforter or even require a walk throughout his or her boots and shoes while boosting the local foods commercial lender. A lot of the pop star's my childhood possessions are getting up on sale about eBay beginning at noon Sunday. Your retail will probably conclude in noon about February. SEVEN when using the profits about to Stratford’s Household of Benefit.\r<br />\n<br />\nThe food financial institution had been calls just lately simply by Bieber's grandma and grandpa, Diane and Bruce Dale, which offered to contribute a couple of sizing SEVERAL <a href=\"http://www.nike4kaufen.com/nike-free/nike-free-5-0-herren\" rel=\"nofollow\">nike free 5.0 herren</a> as well as pop star’s Toronto Maple Leafs bed comforter, pillowcase and limit lamp. Bieber signed all of the merchandise any time this individual what food was in the region from Traditional.\r<br />\n<br />\nThe actual beginning bid with regard to every single Biebs' materials is usually $500US. The actual proceeds from the actual great deals could go toward meals financial institution plans. All of the goods come with a instrument involving authenticity closed through Diane Dale. The particular Dales got the thought when they set its Willow Street home available on the market delayed recently. <a href=\"http://www.nike4kaufen.com/nike-free/nike-free-5-0-damen\" rel=\"nofollow\">nike free 5.0 damen</a> put in some moment at this time there as a kid in addition to experienced their personal Maple Leaf-themed room. The actual Dales haven't were living in the house for many several years, nevertheless they will rented them available in addition to saved it as it was any time Bieber still existed throughout Stratford.\r<br />\n<br />\nAny time photos with the household journeyed up online, the actual Dales started obtaining delivers within the products within their famous grandson's room. “They thought to hand them over to Household of Benefit in addition to allow most people a possibility at this and also help Household associated with Advantage, ” mentioned Theresa McMurray, your account manager overseer. “It got all of us simply by shock. We are incredibly thankful (the family) would imagine accomplishing something such as this particular for people, ” McMurray mentioned.\r<br />\n<br />\n<a href=\"http://www.nike4kaufen.com/nike-roshe-run\" rel=\"nofollow\">nike roshe run damen</a> has been a robust supporter with the nutrition financial institution. Such as, around 2011 he or she contributed $10, 000 in order to Home of Benefit. Their fondness for that organization may be a outcome of his / her lowly beginnings. Your dog as well as their mom, Pattie Mallette, employed Home regarding Blessing services before this individual made it big.\r<br />\n<br />\nSigned <a href=\"http://www.nike4kaufen.com/new-balance-574\" rel=\"nofollow\">new balance 574 sale</a> souvenirs have increased about eBay with supporting local reasons before. Around 2011, any closed Bieber sneaker proceeded eBay to pay more for any send out booth at their ex - high school, Stratford Northwestern. In which retail brought in with regards to $1, SIX HUNDRED. SOME SORT OF game-worn Stratford Metropolis FC soccer jersey attended with regard to $960 at eBay when using the income to help pay this managing expenditures involving a pair of nearby football competitors. Your priciest eBay retail item appeared to be your 2012 Hyundai Genesis, authorized simply by Bieber, in order to elevate income to refurbish the actual skate store. The item journeyed regarding market valuation of $40, 000.<br />\n",
    "PostedDate": "2015-02-03T00:32:37.847-08:00",
    "UserRole": null,
    "MarkedAsAnswerDate": null
  }
]