[
  {
    "Id": "1176150",
    "ThreadId": "506616",
    "Html": "Cheap Air Jordans for Sale - Best Places to Buy Locally at Cheap Prices\r<br />\n<br />\nIt's crazy to think that in the year 1985 was the first release of the <a href=\"http://www.pascherchaussurenike.fr/nike-free-femme\" rel=\"nofollow\">nike free run pas cher</a> and since then NIKE has released a new shoe annually. Making each new release more appealing without compromising between performance and innovation. Which is why the Air Jordan brand has become so hugely successful is that with each new shoe release comes with the same innovative design to match with comfort and performance that NIKE prides itself in. \r<br />\n<br />\nEach year that NIKE unveils a new <a href=\"http://www.pascherchaussurenike.fr/nike-free-femme/nike-free-run-2-femme\" rel=\"nofollow\">nike free run 2 pas cher</a> into the line, there is a huge anticipation for each release amongst Jordan fans,sneakerheads, athletes or just the normal person. Each shoe isn't cheap but despite of the high price tag loyalists and collectors alike find someway to get their hands on a new pair each year to add to their collection. Jordans or otherwise known as J's continue to dominate the athletic footwear department and sees a continue in steady increase of consumers flocking to buy them each year.\r<br />\n<br />\nNow if you're like <a href=\"http://www.pascherchaussurenike.fr/nike-free-femme/nike-free-run-3-femme\" rel=\"nofollow\">nike free run 3 pas cher</a> most people and like me you would think that spending a couple of hundred dollars is outrageously crazy but once in a while normal people like myself find our way into stores that sell these shoes and on rare occasions purchase them. Some shoes can be found in your local footlocker, champs, or finishline stores. But if you are a true fan then you would know of stores that have access to the rarest and the newest Air Jordan's that one can lay their hands on. One store in particular that i have been to is RIF LA, located in Little Tokyo in Los Angeles.\r<br />\n<br />\n I first stumbled on RIF while i was exploring the quite and intriguing streets of Little Tokyo where there are many great eateries and definitely a spot to find unique imported items from Japan or some delicious sushi. RIF LA has it all from the rarest to the newest, all kinds of styles, to different colors and different price ranges. The store is a well known gem for <a href=\"http://www.pascherchaussurenike.fr/\" rel=\"nofollow\">nike free run 5.0</a> collectors and sneakerheads alike. So if you're looking for some sought after J's, look no further RIF LA will have them and if they don't they'll find a way to get a hold of the ones you want.<br />\n",
    "PostedDate": "2014-01-17T21:36:39.263-08:00",
    "UserRole": null,
    "MarkedAsAnswerDate": null
  }
]