[
  {
    "Id": "1366413",
    "ThreadId": "587763",
    "Html": "Dubbed this Kobe BACK BUTTON &quot;Vino&quot;, this trainer features killer efficient, sequoia and also volt ringtones. It will formally possibly be introduced about Sunday, March 6, 2015 with EIGHT: 00 a new. m. EST. The actual adidas originals outlet are going to be available in 100 % family dimension. This mature sizing will probably store with $180, this girl sizing at $135, the preschool sizing at $85 and the baby dimensions during $60. The actual Kobe TIMES are going to be accessible various other select Nike stores. Kobe BACK BUTTON &quot;Vino&quot; clothings will likely possibly be accessible outset Saturday.\r<br />\n<br />\nDubbed this Kobe BACK BUTTON &quot;Vino&quot;, this trainer features killer efficient, sequoia and also volt ringtones. It will formally possibly be introduced about Sunday, March 6, 2015 with EIGHT: 00 a new. m. EST. The actual sneaker are going to be available in complete family members sizing. This mature sizing will probably store with $180, this girl sizing at $135, the preschool sizing at $85 and the baby dimensions during $60. The Kobe TIMES are going to be available, alternative find nike air max 90 baratas retailers. Kobe BACK BUTTON &quot;Vino&quot; clothings will likely possibly be accessible outset Saturday.\r<br />\n<br />\ndiscloses which the sneaker had been inspired by means of Lakers celeb Kobe Bryant's perform honesty, willpower to be able to earn, along with intensive consentrate on the actual the courtroom. Because of his work, this Lakers include claimed personal training universe championships. Bryant also celebrates his or her workforce success there are various the courtroom by haning out together with his teammates off the the courtroom.\r<br />\n<br />\nThe actual Kobe X &quot;Vino&quot; was considered from Kobe's idea of which giving an evening meal and also ingesting your glass of wine ended up being a very good way to be able to bond along with teammates along with create trust and also teamwork. The actual colours around the boot ended up used from natural grapes which were pushed in making great light wine beverages.\r<br />\n<br />\nPictures created Sneaker News flash discovered which the Kobe BACK BUTTON &quot;Vino&quot; will attribute one type toxin efficient and also sequoia ring-tones all through. The actual midsole features a translucent poison environmentally friendly colour as well as the visible Weather Potential product along at the back percentage. The eco-friendly as well as volt colours intertwine around the mesh higher. Ideas of dark-colored can be provide on the outrigger, thenew balance mujer baratas Swoosh around the facet, this back heel withstand, this tongue, and also shoelaces. The actual sock lining is actually poison environmentally friendly which includes a printed Kobe emblem on the instep. Additionally , there are exclusive diamond-shaped perforations in the boot along with snakeskin details along at the backside with the tongue, allowing that some sort of Mamba-esque look.\r<br />\n<br />\nKobe's personal bank within volt presents itself around the tongue in addition to on the outsole resistant to the substantial &quot;X&quot; design and style. nike free 5.0 baratas The outsole can be transparent killer efficient, revealing the white gemstone rubber habit below.\r<br />\n<br />\nTrainer Standard Detroit states which just like the 19-year NBA expert, wine beverages will get superior together with era.\r<br />\n<br />\nThis low-top nike air max baratas will be superb regarding protects and also tiny forwards which highlight velocity, agility along with explosiveness around the court. The colorway likewise tends to make that Kobe BY &quot;Vino&quot; a fantastic casual casino shoe. It truly is both equally sophisticated as well as practical, showcasing top of the line products that will make sure sturdiness about in addition to off the judge.<br />\n",
    "PostedDate": "2015-03-17T19:45:35.707-07:00",
    "UserRole": null,
    "MarkedAsAnswerDate": null
  }
]