[
  {
    "Id": "1111013",
    "ThreadId": "463259",
    "Html": "Hi anyone,<br />\nI have a strange problem with ToolkitScriptManager and UpdatePanel:<br />\nDev-Environment: Win7 x64, VS2012 with AjaxControlToolkit 4<br />\nTarget-Environment: Win2012 x64<br />\nTarget-Framwork: .NET 4.0<br />\n<br />\nSourceCode:<br />\n<pre><code>&lt;%@ Page Language=&quot;vb&quot; AutoEventWireup=&quot;false&quot; CodeBehind=&quot;Default.aspx.vb&quot; Inherits=&quot;Test2012_3._Default&quot; %&gt;\n\n&lt;%@ Register Assembly=&quot;System.Web.Extensions, Version=1.0.61025.0, Culture=neutral, PublicKeyToken=31bf3856ad364e35&quot; Namespace=&quot;System.Web.UI&quot; TagPrefix=&quot;asp&quot; %&gt;\n\n&lt;%@ Register assembly=&quot;AjaxControlToolkit&quot; namespace=&quot;AjaxControlToolkit&quot; tagprefix=&quot;asp&quot; %&gt;\n\n&lt;!DOCTYPE html&gt;\n\n&lt;html xmlns=&quot;http://www.w3.org/1999/xhtml&quot;&gt;\n&lt;head runat=&quot;server&quot;&gt;\n&lt;meta http-equiv=&quot;Content-Type&quot; content=&quot;text/html; charset=utf-8&quot;/&gt;\n    &lt;title&gt;&lt;/title&gt;\n&lt;/head&gt;\n&lt;body&gt;\n    &lt;form id=&quot;form1&quot; runat=&quot;server&quot;&gt;\n        &lt;asp:ToolkitScriptManager ID=&quot;ToolkitScriptManager1&quot; runat=&quot;server&quot;&gt;&lt;/asp:ToolkitScriptManager&gt;\n        &lt;asp:Timer ID=&quot;Timer1&quot; runat=&quot;server&quot; Interval=&quot;1000&quot;&gt;\n        &lt;/asp:Timer&gt;\n        &lt;asp:UpdatePanel ID=&quot;UpdatePanel1&quot; runat=&quot;server&quot; ChildrenAsTriggers=&quot;False&quot; UpdateMode=&quot;Conditional&quot;&gt;\n            &lt;ContentTemplate&gt;\n                &lt;asp:Label ID=&quot;Label1&quot; runat=&quot;server&quot; Text=&quot;Label&quot;&gt;&lt;/asp:Label&gt;\n            &lt;/ContentTemplate&gt;\n            &lt;Triggers&gt;\n                &lt;asp:AsyncPostBackTrigger ControlID=&quot;Timer1&quot; EventName=&quot;Tick&quot;&gt;&lt;/asp:AsyncPostBackTrigger&gt;\n            &lt;/Triggers&gt;\n        &lt;/asp:UpdatePanel&gt;\n        &lt;asp:TextBox ID=&quot;TextBox1&quot; runat=&quot;server&quot;&gt;&lt;/asp:TextBox&gt;\n        &lt;asp:BalloonPopupExtender ID=&quot;TextBox1_BalloonPopupExtender&quot; runat=&quot;server&quot; BalloonPopupControlID=&quot;Panel1&quot; CustomCssUrl=&quot;&quot; Enabled=&quot;True&quot; ExtenderControlID=&quot;&quot; TargetControlID=&quot;TextBox1&quot; DisplayOnFocus=&quot;True&quot;&gt;\n        &lt;/asp:BalloonPopupExtender&gt;\n        &lt;asp:Panel ID=&quot;Panel1&quot; runat=&quot;server&quot;&gt;This is a little test&lt;/asp:Panel&gt;   \n    &lt;/form&gt;\n&lt;/body&gt;\n&lt;/html&gt;</code></pre>\n\nCode behind:<br />\n<pre><code>Public Class _Default\n    Inherits System.Web.UI.Page\n\n    Protected Sub Page_Load(ByVal sender As Object, ByVal e As System.EventArgs) Handles Me.Load\n\n    End Sub\n\n    Protected Sub Timer1_Tick(sender As Object, e As EventArgs) Handles Timer1.Tick\n        Label1.Text = Date.Now.ToLongTimeString\n    End Sub\nEnd Class</code></pre>\n\nIf I run this in my IDE to debug everything works fine. Label1 updates every second its content and you can see it in the browser window. If you click in TextBox1 a ballon with the content of Panel1 will shown. So far so good. But if I publish this website to the target machine the UpdatePanel does'nt update Label1 but the ballon will shown if you click in Textbox1 (so I think the AjaxControlToolkit works well).<br />\nI've done this tests: I dropped the Ballon-Extender (can't be used without ToolkitScriptManager) and use &lt;asp:ScriptManager&gt; instead &lt;asp:ToolkitScriptManager&gt; and publish that again. In that case the UpdatePanel updates Label1 as desired.<br />\nIn my distress i published it to a Win2003 server with a working Framework 4.0. But the problem still remains...<br />\nAnyone have an idea or have a solution? I'm going crazy with that!!!<br />\n<br />\nThanks<br />\nRalf<br />\n",
    "PostedDate": "2013-10-23T05:16:29.137-07:00",
    "UserRole": null,
    "MarkedAsAnswerDate": null
  },
  {
    "Id": "1150936",
    "ThreadId": "463259",
    "Html": "Did you ever figure this out?  I'm having the same problem with my timer not firing when using the ToolkitScriptManager under server2k8 hosting iis, but works fine local.<br />\n",
    "PostedDate": "2014-01-08T08:05:47.793-08:00",
    "UserRole": null,
    "MarkedAsAnswerDate": null
  },
  {
    "Id": "1151704",
    "ThreadId": "463259",
    "Html": "<strong>bitmasked wrote:</strong><br />\n<blockquote>\nDid you ever figure this out?  I'm having the same problem with my timer not firing when using the ToolkitScriptManager under server2k8 hosting iis, but works fine local.<br />\n</blockquote>\nHello,\r<br />\nyes, it works now. I have published the project in debug mode. If you publish the project you get a dialog where you can change under settings the configuration from &quot;Release&quot; to &quot;Debug&quot;. Don't ask me why it does'nt work with &quot;Release&quot; but after I changed it to &quot;Debug&quot; it worked fine. Hope this helps.\r<br />\n<br />\nRalf<br />\n",
    "PostedDate": "2014-01-10T02:52:17.893-08:00",
    "UserRole": null,
    "MarkedAsAnswerDate": null
  }
]