[
  {
    "Id": "1067002",
    "ThreadId": "449678",
    "Html": "Hi all,<br />\n<br />\nI hope my post find you all well. I am an engineer working in mobile industry. I have created a survey to collect information on the usage of social networking tools for my master thesis at Open University on technology for communication and collaboration in software development teams.<br />\n<br />\nI am looking for respondents who are using social networking tools to communicate at work and whose work is related to windows phone 7 and 8. Your answers will help increase our understanding of whether social networking tools help improve software productivity in mobile software development teams or not.<br />\n<br />\nIf you would like to participate, please visit the link below:<br />\n<br />\n<a href=\"http://fluidsurveys.com/surveys/wangc-2011/thesis-survey/\" rel=\"nofollow\">http://fluidsurveys.com/surveys/wangc-2011/thesis-survey/</a><br />\n<br />\nto take the survey<br />\n<br />\nCheers<br />\n<br />\nChenfu<br />\n",
    "PostedDate": "2013-07-11T05:42:19.34-07:00",
    "UserRole": null,
    "MarkedAsAnswerDate": null
  }
]