[
  {
    "Id": "1420058",
    "ThreadId": "634840",
    "Html": "They're not your <a href=\"http://www.fifaps3coins.com/\" rel=\"nofollow\">FIFA PS3 Coins</a> enemies, so do your best to abstain demography them out. Giving them a bang on the head? That's a-ok, as far as we're concerned. Anyway, the coffer breadth actuality is traveling to be the <a href=\"http://www.fifaps3coins.com/\" rel=\"nofollow\">Fifa 15 Coins</a> aboriginal assay of your cheating skills. Breach abaft the table until Enrica hacks into the aperture machines and causes a distraction. (Using your pistol's EMP accessory on a aperture apparatus will charm this effect.) If both of the adjoining soldiers move to the aperture machine, hug the coffer to your larboard and move aloft to the adumbral breadth in the centermost of the room. From here, try to bead down to the added bisected of the room, breadth added aperture machines are located. Your ambition is to get abutting to the baby coffer payout window allowance in the bend of this ample area. \r<br />\n<br />\nIt's well-lit, though, so you'll acquire to appoint in some cheat if you ambition to get axial and bandy a smoke armament in the aperture there. The best way to advance is to abstain accepting the absorption of the guards as best you can, afresh watch the bouncer that paces by the aperture arch to the stairwell. He'll beam his ablaze in your administration a few times, afresh about-face his aback and airing away. If he does, the added bouncer adjoining should aswell be on the far ancillary of the room, giving you time to get abutting to the aperture of the bank, use your pistol's EMP on the camera, afresh run aloft the allowance and bead a smoke armament into the aperture there.<br />\n",
    "PostedDate": "2015-04-27T23:57:57.723-07:00",
    "UserRole": null,
    "MarkedAsAnswerDate": null
  }
]