[
  {
    "Id": "532207",
    "ThreadId": "237412",
    "Html": "\r\n<p><a href=\"http://www.passportphotoonline.com\">passport photos</a> <a href=\"http://www.passportphotoonline.com\">\r\nyearbook photos</a> <a href=\"http://www.passportphotoonline.com\">online photo resizer</a>\r\n<a href=\"http://www.passportphotoonline.com\">passport photo online</a> <a href=\"http://www.passportphotoonline.com\">\r\nmake your own passport photo</a></p>\r\n",
    "PostedDate": "2010-12-07T03:36:24.86-08:00",
    "UserRole": null,
    "MarkedAsAnswerDate": null
  },
  {
    "Id": "532501",
    "ThreadId": "237412",
    "Html": "\r\n<p>An email has been sent to the contact of passportphotoonline.com &lt;-- SPAM, require to send us any explanation and data acccording to the spam user that violates the terms of service and our advice exposed, as it may work for or has been contracted or\r\n have any relation with that website, as his message links to passportphotoonline.com as spam.</p>\r\n<p>So if you as user read this text, don't believe in passportphotoonline.com as a service website until this message is removed.</p>\r\n<p>&nbsp;</p>\r\n",
    "PostedDate": "2010-12-07T13:24:33.353-08:00",
    "UserRole": null,
    "MarkedAsAnswerDate": null
  }
]