[
  {
    "Id": "1217550",
    "ThreadId": "536905",
    "Html": "Algemene gids voor Babyliss Master Ionic Ceramic Curly hair Dryer\r<br />\n<br />\nEen van de toonaangevende haarverzorging merken within het circumstance, <a href=\"http://www.babylisssecretcurlkrultang.nl/\" rel=\"nofollow\">babyliss miracurl</a> heeft een bereik van haarverzorging accessoires gelanceerd om de uiteenlopende behoeften van haar decorating passen customers. Omdat het wordt verwerkt attained de elementen van keramiektechnologie het helpt voor stabiele en gelijkmatige verdeling van de warmte more than het haar, eliminatie van schadelijke vlekken en efficiënte warmte- isolatie.\r<br />\n<br />\nDaarnaast <a href=\"http://www.babylisssecretcurlkrultang.nl/\" rel=\"nofollow\">babyliss pro miracurl</a> is actually omsloten attained een serie van verbazingwekkende functies, cease to live onder vele anderen, zijn 1750 watt, hoge temperaturen als ook additional krachtige luchtstroom, dual ionische kamers cease to live te bevorderen voor een gestage stroom van negatieve ionen, professionele lange levensduur HVAC continuous-duty motor, awesome result knop, twee snelheden en drie warmte-instellingen, snap-on blaasmond, additional lange professionele netsnoer attained een hoge contract bescherming cease to live helpen om de levensduur van het koord te verlengen.\r<br />\n<br />\nWat dat maakt deze <a href=\"http://www.babylisssecretcurlkrultang.nl/\" rel=\"nofollow\">babyliss pro miracurl kopen</a> echt professioneel is actually het toonaangevende technologieën cease to live worden gebruikt voor de vervaardiging ervan dat negatieve ionen en keramische omvatten. Ing haar producten, waaronder stijltangen, krultangen, en een haardroger zijn geprezen voor zijn high-end functies cease to live helpen om zijn uitzonderlijke prestaties. Het wordt aangevuld attained de eigenschappen van ionische technologie, cease to live op hun beurt helpen te elimineren statische en verminderen kroezen. Verder, wanneer keramische grill wordt verhit, het resulteert within de verhoogde uitstoot van ver infrarood stralen : een soort natuurlijke bron van energie cease to live helpt om te vergrendelen within het haar no kleur en natuurlijke vocht, waardoor je haar tijdens het stylen vrijwaren. Within feite is actually het hetzelfde is actually het geval attained BaByliss Master Ionic Ceramic haardroger.\r<br />\n<br />\nGesteund entry een jaar beperkte garantie, zijn ergonomisch, sleek and stylish ontwerp dat gemakkelijk te hanteren en levert meer luchtdruk is actually opmerkelijk. Kortom, attained de eigenschappen van de bovenste plank technologieën en opmerkelijke functies, deze haardroger is actually definitief te maken glanzend, happy, en prachtige <a href=\"http://www.babylisssecretcurlkrultang.nl/\" rel=\"nofollow\">babyliss krultang</a>\r<br />\n. Bent oughout op zoek naar een optie om deze föhn zelf tegen uitzonderlijke prijzen? Dan misschien een van de beste opties zou bezitten het entry Hair straightening iron Professionals.<br />\n",
    "PostedDate": "2014-03-02T22:07:52.293-08:00",
    "UserRole": null,
    "MarkedAsAnswerDate": null
  }
]