[
  {
    "Id": "996045",
    "ThreadId": "431874",
    "Html": "How to create a new category<br />\n",
    "PostedDate": "2013-02-04T04:12:06.7-08:00",
    "UserRole": null,
    "MarkedAsAnswerDate": null
  },
  {
    "Id": "1031736",
    "ThreadId": "431874",
    "Html": "Check given link, It describe the steps how to create category in asp. <a href=\"http://www.c-sharpcorner.com/UploadFile/4e2862/dynamically-creating-menus-and-submenus-items-to-web-forms/\" rel=\"nofollow\">http://www.c-sharpcorner.com/UploadFile/4e2862/dynamically-creating-menus-and-submenus-items-to-web-forms/</a><br />\n",
    "PostedDate": "2013-04-17T05:37:34.403-07:00",
    "UserRole": null,
    "MarkedAsAnswerDate": null
  }
]