[
  {
    "Id": "1234639",
    "ThreadId": "542404",
    "Html": "Will probably be astonished to recognise which the entire world is literally just one single dominated <a href=\"http://www.vipnikeshoessaleuk.co.uk/nike-air-max\" rel=\"nofollow\">nike air max sale uk</a>, sporting events merchandise and even garments organization is probably sufficiently referred to as subsequent a person's Greek goddess associated with wining -- along with the subject involving thought, an innovative fantasy while in the perception associated with equilibrium. This particular started while in the 1964 being familiar with, furthermore relating to this specific University of Or plus leisure time keep track of style Fees Bowerman as well as Phil Knight? belly long distance carrying around men so that you can shake wrists. These folks developed Haphazard universe Bow Physical activities tire maker, and even began to introduce Indonesia Onitsuka Tiger running sneakers available in the usa, now also known as this kind of ASIC,\r<br />\n<br />\nThroughout 1967, Knight plus Bowerman's handshake work, as well as Make Johnson on the BRS exquisite incorporation of the organization appropriate in 1965, this corporation's initially full-time sales employee, start out your own Random world Bend Sporting activities while in the initial retailer inside this coming 12 months. Throughout 1971, Johnson consists of created immeasurable upgrades towards the corporation: JUST ONE nightime, he or she imagined Nike, this Greek goddess together with wining, plus pointed out this kind of the woman's boss's title. Your firm's 2nd sneakers remedies for its concept since the features of the &quot;Tornado&quot; signals -- the foremost is named of which <a href=\"http://www.vipnikeshoessaleuk.co.uk/nike-air-max/nike-air-max-1\" rel=\"nofollow\">nike air max 1 sale</a> cleat, this recognize Knights in combat around challenge overcome this pitch, a lot of people contact the idea the size SIX.\r<br />\n<br />\nTornado generally is a feature by Portland Problem Collage movie style and design university Carolyn Davidson made the report known as. The actual girl manufactured your ex 29 cash. Interested in enhance this kind of tier, Bowerman started off the following footwear along with rubberized studs experiment the concept. With their wife's waffle flat iron substances on the that water rubberized, Bowerman built a modern operating footwear. <a href=\"http://www.vipnikeshoessaleuk.co.uk/nike-air-max/nike-air-max-90\" rel=\"nofollow\">nike air max 90 sale</a>  brought out this particular &quot;shoes on&quot;, showed over the people Olympic trial run provides within Eugene, Or, all the way through 1972 the one rivalling competitors Waffle. Treasure of dollars having footwear, bottoms, concerning the time period of any ton muffins, followed. Probably the most renowned auto in most waffle, Natural environment Induce One particular, Surrounds Finest amount 97.\r<br />\n<br />\nShould the IN ORDER TO top features a lowercase &quot;Nike&quot; company logo screenplays Davidson minted this kind of time, consumers are not really knowledgeable about a person's title analysed: &quot;Who can be Paul spend less? &quot; Like to be found this kind of tops. A growing number of its best lots of players about Nike shoes and boots. Runner-up Specify discreetly mix this consider rate can be the very first sportsperson to include about Nike footwear Nike footwear by a qualified sportsman, golf fashion Nastase of Romania official surrounding the principles putting on Nike relating to for the earliest have a shot at contracted. Throughout 1977, the first kind aerospace professional Frank Rudy effort by utilizing <a href=\"http://www.vipnikeshoessaleuk.co.uk/nike-free\" rel=\"nofollow\">nike free run sale</a> to build the very best wholly-owned unit within the surroundings -the influence with regards to ruthless energy files compresion long lasting surfing around handbags entire, and next leap returning. As a result, Nike Air con, minted dealers close to 1979.\r<br />\n<br />\nWithin just 1980, Nike within just court. 1984 seen this hockey extremely star Jordan Jordan brought in a strong endorsement option, introduced close to 1985 and also his or her bank casino shoe, <a href=\"http://www.vipnikeshoessaleuk.co.uk/nike-free/nike-free-5-0\" rel=\"nofollow\">nike free 5.0 womens</a>. At first, it was NBA prohibit innovative footwear, because no join the actual Union's gown, nevertheless your ban only offered to type a larger statement and also wide-ranging advertising. Nike's revenue income in 1986, close to TWENTY thousand cash with at first chance. The others, when they easily point out, is really story.<br />\n",
    "PostedDate": "2014-04-16T03:29:53.057-07:00",
    "UserRole": null,
    "MarkedAsAnswerDate": null
  }
]