[
  {
    "Id": "1274686",
    "ThreadId": "552287",
    "Html": "<pre><code>&lt;asp:UpdatePanel runat=&quot;server&quot;&gt;\n        &lt;ContentTemplate&gt;\n             &lt;asp:Timer ID=&quot;Timer1&quot; runat=&quot;server&quot; Interval=&quot;5000&quot;&gt;&lt;/asp:Timer&gt;\n    &lt;asp:GridView ID=&quot;GridView1&quot; runat=&quot;server&quot; AutoGenerateColumns=&quot;False&quot; AllowPaging=&quot;True&quot; AllowSorting=&quot;True&quot; OnSorting=&quot;GridView1_Sorting&quot; PageSize=&quot;10&quot;&gt;\n                        &lt;PagerSettings Position=&quot;Top&quot; /&gt;\n                        &lt;Columns&gt;\n                            &lt;asp:CommandField ShowSelectButton=&quot;True&quot;&gt;\n                            &lt;/asp:CommandField&gt;\n                           &lt;%-- &lt;asp:BoundField DataField=&quot;IssueId&quot; HeaderText=&quot;Issue Id&quot; SortExpression=&quot;IssueId&quot; HtmlEncode=&quot;False&quot;&gt;&lt;/asp:BoundField&gt;\n                            &lt;asp:BoundField DataField=&quot;IssueName&quot; HeaderText=&quot;Issue Type&quot; SortExpression=&quot;IssueName&quot; HtmlEncode=&quot;False&quot;&gt;&lt;/asp:BoundField&gt;\n                            &lt;asp:BoundField DataField=&quot;Status_Description&quot; HeaderText=&quot;Issue Status&quot; SortExpression=&quot;Status_Description&quot; HtmlEncode=&quot;False&quot;&gt;&lt;/asp:BoundField&gt;--%&gt;\n                            &lt;asp:BoundField DataField=&quot;Username&quot; HeaderText=&quot;&quot; SortExpression=&quot;Username&quot; HtmlEncode=&quot;False&quot;&gt;&lt;/asp:BoundField&gt;\n                            &lt;%--&lt;asp:BoundField DataField=&quot;Assign_Remarks&quot; HeaderText=&quot;Remarks&quot; SortExpression=&quot;Assign_Remarks&quot; HtmlEncode=&quot;false&quot;&gt;&lt;/asp:BoundField&gt;--%&gt;\n                            &lt;asp:TemplateField HeaderText=&quot;&quot; SortExpression=&quot;message&quot;&gt;\n                                &lt;ItemTemplate&gt;\n                                    &lt;asp:Literal ID=&quot;lt_remarks&quot; runat=&quot;server&quot; Text='&lt;%# DataBinder.Eval(Container, &quot;DataItem.message&quot;).ToString().Replace(Environment.NewLine, &quot;&lt;br /&gt;&quot;).Replace(&quot;\\r\\n&quot;,&quot;&lt;br /&gt;&quot;).Replace(&quot;\\n&quot;,&quot;&lt;br /&gt;&quot;)%&gt;'&gt;&lt;/asp:Literal&gt;\n                                &lt;/ItemTemplate&gt;\n                            &lt;/asp:TemplateField&gt;\n                             &lt;asp:TemplateField HeaderText=&quot;&quot; SortExpression=&quot;PostedDatetime&quot;&gt;\n                                &lt;ItemTemplate&gt;\n                                    &lt;asp:Literal ID=&quot;lt_postedDateTime&quot; runat=&quot;server&quot; Text='&lt;%# DataBinder.Eval(Container, &quot;DataItem.PostedDatetime&quot;)%&gt;'&gt;&lt;/asp:Literal&gt;\n                                &lt;/ItemTemplate&gt;\n                            &lt;/asp:TemplateField&gt;\n                           &lt;%-- &lt;asp:BoundField DataField=&quot;ISACTIVE&quot; HeaderText=&quot;ISACTIVE&quot; SortExpression=&quot;ISACTIVE&quot; HtmlEncode=&quot;False&quot;&gt;&lt;/asp:BoundField&gt;--%&gt;\n                        &lt;/Columns&gt;\n                          &lt;PagerSettings Position=&quot;Top&quot; Mode=&quot;NumericFirstLast&quot; NextPageText=&quot;Next&quot; PreviousPageText=&quot;Prev&quot; LastPageText=&quot;Last&quot; FirstPageText=&quot;First&quot; /&gt;\n                       &lt;FooterStyle BackColor=&quot;#FFFFCC&quot; ForeColor=&quot;#330099&quot; /&gt;\n                        &lt;RowStyle BorderStyle=&quot;Solid&quot; BorderWidth=&quot;1&quot; BorderColor=&quot;black&quot; /&gt;\n                        &lt;HeaderStyle CssClass=&quot;GvHeader&quot; /&gt;        \n                    &lt;/asp:GridView&gt;\n              &lt;asp:Label ID=&quot;Label1&quot; runat=&quot;server&quot; Text=&quot;&quot;&gt;&lt;/asp:Label&gt; \n&lt;/ContentTemplate&gt;\n        &lt;Triggers&gt;\n&lt;asp:AsyncPostBackTrigger ControlID=&quot;btn_send&quot; EventName=&quot;Click&quot; /&gt;\n             &lt;asp:AsyncPostBackTrigger ControlID=&quot;Timer1&quot; EventName=&quot;Tick&quot; /&gt;\n        &lt;/Triggers&gt;\n        &lt;/asp:UpdatePanel&gt;\n  \n    &lt;asp:Label ID=&quot;lblmessage&quot; runat=&quot;server&quot; Text=&quot;&quot;&gt;&lt;/asp:Label&gt;&lt;br /&gt;\n    &lt;span&gt;&lt;asp:TextBox ID=&quot;txt_message&quot; runat=&quot;server&quot; TextMode=&quot;MultiLine&quot;&gt;&lt;/asp:TextBox&gt;&lt;asp:Button ID=&quot;btn_send&quot; runat=&quot;server&quot; Text=&quot;Send&quot; /&gt;&lt;/span&gt;\n            &lt;asp:TextBox ID=&quot;txt_projectID&quot; runat=&quot;server&quot; Visible=&quot;False&quot; Width=&quot;50px&quot;&gt;&lt;/asp:TextBox&gt;\n            &lt;asp:TextBox ID=&quot;txt_Username&quot; runat=&quot;server&quot; Visible=&quot;False&quot; Width=&quot;50px&quot;&gt;&lt;/asp:TextBox&gt;\n            &lt;asp:TextBox ID=&quot;txt_role&quot; runat=&quot;server&quot; Visible=&quot;False&quot; Width=&quot;50px&quot;&gt;&lt;/asp:TextBox&gt;&gt;</code></pre>\n\n&lt;%-- --%&gt; &lt;%----%&gt; &lt;%-- --%&gt; \r<br />\n<br />\nLet say i insert below data at textbox:\r<br />\n1\r<br />\n<br />\n2\r<br />\n<br />\n3\r<br />\n<br />\nIf i insert asp:AsyncPostBackTrigger Button in the trigger area,\r<br />\nthe data i submited will not display break line.\r<br />\ndata show: 123\r<br />\n<br />\n<br />\nIf i remove asp:AsyncPostBackTrigger Button from trigger area,\r<br />\nthe data i submitted will display break line.\r<br />\ndata show: \r<br />\n1\r<br />\n<br />\n2\r<br />\n<br />\n3\r<br />\n<br />\n<br />\n<br />\n<br />\n<br />\nCan anyone advise me, how do i insert asp:AsyncPostBackTrigger at trigger area and the submitted data with show in break line.......<br />\n",
    "PostedDate": "2014-07-21T01:59:29.457-07:00",
    "UserRole": null,
    "MarkedAsAnswerDate": null
  }
]