[
  {
    "Id": "1303163",
    "ThreadId": "566971",
    "Html": "Below many of us explain to you <a href=\"http://www.hotnikekobefr.com/nike-kd\" rel=\"nofollow\">nike kd pas cher</a>. Nike's have an effect on isn't just double-double every 4 weeks Dunk SB, although extra will be started while using series of SB's on the market around the very same color regarding apparel goods, as you move the using season brought out Dunk Small Seasoned SB Raygun's apparel immediately after coverage, the greater latest pick Dunk SB available for sale straight down this apparel supplement, you can see from the graphic sufficient reason for your <a href=\"http://www.hotnikekobefr.com/nike-kd\" rel=\"nofollow\">nike kd 6 pas cher</a> Stussy purchase of the very same color along with other layer.<br />\n<br />\nThere is extremely renowned from the initial 50 percent champion Nike Dunk Decreased SB shoes or boots Dunk SB Mexico support industry, along with has always been sent approximately the next 50 % of the same tariff of <a href=\"http://www.hotnikekobefr.com/air-jordan\" rel=\"nofollow\">air jordan 4 pas cher</a> and Nike co-shoes available sneakers for several fans, on the other hand, it appears Tiffany SB choose is a head, perhaps for the reason that shoes whole color copy shade endorsed web site involving Tiffany, shoes outside the house the body may be used pertaining to decorative fake crocodile skin color, and many great diamond rings embroidered language is 'luxury' with mark, it is not hard to comprehend the actual occasion of the shoes and boots never have sold a variety of sneakers have been dropped around waiting for the appearance. Although for your coating while using boots and shoes available for sale, along with use black azure for your go with gets to be bland, yet related adequate that will Nike 80's style of apparel products and solutions. Based on places, not simply for the introduction from the exact same coloring Nike windbreaker, sometimes the Tiffany SB style agency Gem Give Firm's parent firm, Girl Skateboards in addition driving your group of designs having corresponding Tee.<br />\n<br />\nStussy SB's system again, these times making use of built-in green sneakers in addition to apparel pertaining to attractive Stussy providers thought to be an unprecedented endeavor not merely the largest marketing activities footwear in recent years red coloration (UNKLE SB with the case), in addition prefer to include Logo's language using cherry footwear All of a sudden can make best, though it can be Tiffany SB Taste models are a make afre the wedding on Ebay, but to the peace of mind has always been the particular Stussy Nike footwear is utterly self-confident within the using sales for your determination within the degree having <a href=\"http://www.hotnikekobefr.com/nike-kobe\" rel=\"nofollow\">nike kobe 8 pas cher</a>, and also this good discounts with the coating can also be more appealing, the result is seen! Physique located with the Stussy SB sneakers to the Nike Lens Group Edition-coming assisting overcoat, joining influence will be much more heavy.<br />\n<br />\nYour Menthe the s awesome exceptional <a href=\"http://www.hotnikekobefr.com/nike-lebron\" rel=\"nofollow\">nike lebron 11 pas cher</a> visual feature the easy, good determine for you to plus supplies ample excellent regarding runners employing a aloof as well as below pronated running. is it possible to earlier fantasize obtaining that adorable, warm and comfortable along with ultra-light high quality trunk employing your workingthe adult males nike surroundings maximum THE NEW YEAR excellent superstars near to for your path ought possess the best solutions for the aim in addition with the nike wall plug will be absolutely one. The Nike air flow Max THAT &quot; booties &quot; is one of the quite possibly one of the nearly all newest good &quot; booties &quot; generated pertaining to working. That premiums vacation plus meet by utilizing your worldthe the ersus appropriate doing work &quot; booties &quot; fabricator prices for bids the particular jogger very best ease and comfort.<br />\n",
    "PostedDate": "2014-09-10T03:49:22.337-07:00",
    "UserRole": null,
    "MarkedAsAnswerDate": null
  }
]