[
  {
    "Id": "1218856",
    "ThreadId": "537845",
    "Html": "Making love discrimination within activities planet. Early in the 1st Olympic adventures, solely males might take part in sports, ladies couldn't have possibility to demonstrate their particular atheleticism. Following on from the initial business wave, women of all ages started out have got equal privileges because gentlemen. Very first time that women play this Olympic online games display the main importance with ladies rights. From next upon, Olympic mmorpgs put unique jobs. Currently every video games can saw the women amount. This also an important signal for business person to help switch the solutions to ladies <a href=\"http://www.nikeairmaxpascherfr.fr/nike-free/nike-free-5-0\" rel=\"nofollow\">nike free 5.0 pas cher</a>.<br />\n<br />\nSex discrimination genuinely occurred with Nike provider. The particular frist couple of Nike footwear had been Nike Air flow, the male black-jack shoe which usually regarding field hockey video game. Nonetheless, from next upon Nike specializing with male physical activities solutions. Start out with hockey shoes or boots for you to football shoes or boots at this time, girls can't discover methods to purchase a true girls boot which in turn only devised for adult females. It really is critical to get women throughout executing sporting activities. Craze associated with running each day, doing yoga exercises during a workout session : it is definitely required for manufactors to provide girls sneakers. Then in 2001, looking on the market associated with women boots and shoes show the actual trend this <a href=\"http://www.nikeairmaxpascherfr.fr/nike-free/nike-free-run-2\" rel=\"nofollow\">nike free run 2 pas cher</a> get women of all ages significantly.<br />\n<br />\nReported by the particular NPD Team, unique sporting activities garments earned income with more than $15 thousand in 2001 : just about $3 billion greater than mens clothings. It is just a number of years via 1964, that story which usually Nike firm groundwork. As one of the biggest firm on this planet, uncommon individuals know that <a href=\"http://www.nikeairmaxpascherfr.fr/nike-air-max\" rel=\"nofollow\">nike air max pas cher</a> will be termed soon after ladies -- the particular Greek goddess regarding triumph : yet on most of it's background, the business has become information on gentlemen.<br />\n<br />\nPertaining to high of it is track record, <a href=\"http://www.nikeairmaxpascherfr.fr/nike-air-max/nike-air-max-1\" rel=\"nofollow\">nike air max 1 pas cher</a> future seemed to be managed simply by the pioneers, the particular going associates whom offered shoes or boots from the trunks, listed runners around locker suites, in addition to created acting conclusions with retreats labeled &quot;Buttfaces. &quot; However by tossing collectively the diversified series with those that have different qualification and distinct concentrations of seniority, Nike provides identified who's might continue a lot of their main qualities while incorporating new places connected with creativity.<br />\n<br />\nFrom basketball in order to skateboard, Nike offers adjusted <a href=\"http://www.nikeairmaxpascherfr.fr/nike-air-max/nike-air-max-90\" rel=\"nofollow\">nike air max 90 pas cher</a> in order to Nike SB, the particular special sneaker designed for skateboarder. It appears in which Nike strive to be this number-one physical activities manufacturer on this planet, this also that will alart some other showing off manufacturers. Nonetheless right after experiencing the actual express connected with Nike's manufacturer president, many of us know that your produing of girls shoes just innovation and also enthusiasm to every single patient.<br />\n",
    "PostedDate": "2014-03-04T00:49:15.023-08:00",
    "UserRole": null,
    "MarkedAsAnswerDate": null
  }
]