[
  {
    "Id": "1454220",
    "ThreadId": "648251",
    "Html": "Spanish tax officer confirmed Messi  is not tax Tencent sports news in June this year, Macy exposed the tax evasion scandal, according to Spanish law, was facing jail time, this big event shocked the international football Beijing time on October 31, according to the Spanish 'Marca' message, Barcelona  can finally breathe a superstar, Spain's two tax officials have personally confirmed that Messi has nothing to do with tax evasion, for saying, Macy has been successfully acquittal. In mid-June, Barcelona  economic crimes Procuratorate Messi and his father sued, claiming that the presence of the Argentine star tax evasion, tax evasion alleged amount of up to four million euros. <a href=\"http://www.fifaga.com\" rel=\"nofollow\">http://www.fifaga.com</a> According to Spanish law, if the convicted, Macy and his son may face six years in prison and huge fines. In order to get rid of possible tax evasion lawsuits, Lionel Messi and his father has been conducted to the Spanish tax authorities to repay the 2007--09 years trying to miss the 15 million euros of taxes. By the end of September this year, Macy tax court case unfold, Macy smiling attend, at about half an hour of the trial, his father Jorge Messi's position has nothing to do with tax evasion case Macy. 'Marca' disclosure, after a month in the investigation, two Spanish local tax official confirmed Messi himself was not involved in the case of tax evasion, which he also did not know, change saying goes, Messi won innocence, even though his ultimate team suspected of tax evasion, then this has nothing to do with Messi, therefore, small flea will not be any Spanish legal punishment. Since June this year, Macy exposed tax evasion incident, which caused uproar in the fans around the world, Messi's personal image has been seriously affected, and now come to an end with this event, Messi will devote all our energies to athletics career up, I believe a 100% Mr. Jin Qiu will soon return to the FIFA 16 game. (Brooke) text has been completed, you can press alt + 4 comments<br />\n",
    "PostedDate": "2015-12-01T23:45:46.9-08:00",
    "UserRole": null,
    "MarkedAsAnswerDate": null
  }
]