[
  {
    "Id": "1130915",
    "ThreadId": "471707",
    "Html": "Hi <br />\nI am using web developer 2010 and operating system windows vista. Microsoft .net frame work<br />\n4.0 .  I  downloaded AjaxToolkit  and added a tab name in toolbox of web developer  with Ajax toolkit. After that I have created a form on that I placed ajaxtoolkit editor on  that form. My code given below<br />\n<br />\n&lt;%@ Register assembly=&quot;AjaxControlToolkit&quot; namespace=&quot;AjaxControlToolkit&quot; tagprefix=&quot;asp&quot; %&gt;<br />\n&lt;%@ Register assembly=&quot;AjaxControlToolkit&quot; namespace=&quot;AjaxControlToolkit.HTMLEditor&quot; tagprefix=&quot;cc1&quot; %&gt;<br />\n<br />\n&lt;asp:ToolkitScriptManager ID=&quot;ToolkitScriptManager1&quot; runat=&quot;server&quot;<br />\n<pre><code> CombineScripts=&quot;false&quot;&gt;</code></pre>\n\n&lt;/asp:ToolkitScriptManager&gt;<br />\n&lt;cc1:Editor ID=&quot;Editor1&quot; runat=&quot;server&quot; /&gt;<br />\n<br />\nWhen I am running the program  error message is coming on ScriptResource.axd file like<br />\nMicrosoft JScript runtime error: Sys.ArgumentUndefinedException: Value cannot be undefined.<br />\nParameter name: type<br />\nvar e = Function._validateParams(arguments, [<br />\n<pre><code>    {name: &quot;type&quot;, type: Type},\n    {name: &quot;properties&quot;, mayBeNull: true, optional: true},\n    {name: &quot;events&quot;, mayBeNull: true, optional: true},\n    {name: &quot;references&quot;, mayBeNull: true, optional: true},\n    {name: &quot;element&quot;, mayBeNull: true, domElement: true, optional: true}\n]);\nif (e) throw e; // The  error pointer will come here.\n</code></pre>\n\nPlease help to fix this problem . I posted this question in other site but didnot get any solution. <br />\n<br />\nIf you can help me it would be very appreciate<br />\nRegards<br />\nPol<br />\n",
    "PostedDate": "2013-12-02T06:48:09.05-08:00",
    "UserRole": null,
    "MarkedAsAnswerDate": null
  }
]