[
  {
    "Id": "1433444",
    "ThreadId": "641039",
    "Html": "<a href=\"http://www.okwarbirds.com/forum/bridges-of-love-tv-show/\" rel=\"nofollow\">CLICK HERE TO WATCH&gt;&gt;&gt;&gt;&gt;&gt;&gt;BRIDGES OF LOVE JULY 7 2015&lt;&lt;&lt;&lt;&lt;&lt;&lt;</a><br />\n<br />\n<a href=\"http://www.okwarbirds.com/forum/bridges-of-love-tv-show/\" rel=\"nofollow\">CLICK HERE TO WATCH&gt;&gt;&gt;&gt;&gt;&gt;&gt;BRIDGES OF LOVE JULY 7 2015&lt;&lt;&lt;&lt;&lt;&lt;&lt;</a><br />\n<br />\n<a href=\"http://www.okwarbirds.com/forum/bridges-of-love-tv-show/\" rel=\"nofollow\">CLICK HERE TO WATCH&gt;&gt;&gt;&gt;&gt;&gt;&gt;BRIDGES OF LOVE JULY 7 2015&lt;&lt;&lt;&lt;&lt;&lt;&lt;</a><br />\n<br />\n<a href=\"http://www.okwarbirds.com/forum/bridges-of-love-tv-show/\" rel=\"nofollow\">CLICK HERE TO WATCH&gt;&gt;&gt;&gt;&gt;&gt;&gt;BRIDGES OF LOVE JULY 7 2015&lt;&lt;&lt;&lt;&lt;&lt;&lt;</a><br />\n<br />\n<a href=\"http://www.okwarbirds.com/forum/bridges-of-love-tv-show/\" rel=\"nofollow\">CLICK HERE TO WATCH&gt;&gt;&gt;&gt;&gt;&gt;&gt;BRIDGES OF LOVE JULY 7 2015&lt;&lt;&lt;&lt;&lt;&lt;&lt;</a><br />\n<br />\n<a href=\"http://www.okwarbirds.com/forum/bridges-of-love-tv-show/\" rel=\"nofollow\">CLICK HERE TO WATCH&gt;&gt;&gt;&gt;&gt;&gt;&gt;BRIDGES OF LOVE JULY 7 2015&lt;&lt;&lt;&lt;&lt;&lt;&lt;</a><br />\n<br />\n<a href=\"http://www.okwarbirds.com/forum/bridges-of-love-tv-show/\" rel=\"nofollow\">CLICK HERE TO WATCH&gt;&gt;&gt;&gt;&gt;&gt;&gt;BRIDGES OF LOVE JULY 7 2015&lt;&lt;&lt;&lt;&lt;&lt;&lt;</a><br />\n<br />\n((FULL HD)) BRIDGES OF LOVE July 7, 2015 7/7/2015 Episode, dailymotion, Full Replay,<br />\n<br />\nBRIDGES OF LOVE July 7, 2015 Teaser - YouTube<br />\nVideo for bridges of love july 7 2015▶ 0:31<br />\n.youtube.com/wa   tch?v=vnDwVWd7I4w<br />\n1 day ago - Uploaded by ABS-CBN Entertainment<br />\nSubscribe to the ABS-CBN Onl   ine channel! - ://bit.ly/ABSCBNOnl   ine. Visit our official website! :// ...<br />\nImages for bridges of love july 7 2015Report images<br />\n<pre><code>Image result for bridges of love july 7 2015\nImage result for bridges of love july 7 2015\nImage result for bridges of love july 7 2015\n7 hours ago\nImage result for bridges of love july 7 2015\n</code></pre>\n\nMore images for bridges of love july 7 2015<br />\nBridges of Love July 7, 2015 HD | Pinoy HD Replay<br />\n.pinoyhdreplay.net/2015/.../bridges-of-love-july-...<br />\nTranslate this page<br />\n13 hours ago - Bridges of Love July 7 2015 Replay A story like no other, which shares the tale of two brothers, Gael and Carlos.<br />\nBridges of Love July 6 2015 Full Episode - OFW ...<br />\n.teleserye.tv/bridges-of-love-july-6-2015-full-epi...<br />\nTranslate this page<br />\n1 day ago - Bridges of Love July 6 2015 Full Episode is a 2015 Philippine soap opera ... and Maja Salvador Wa   tch Bridges of Love March 27, 2015 Full Episode ... 24 Oras July 7 2015 Full Episode • TV Patrol World July 7 2015 Full ...<br />\n[[HD]] Bridges of Love July 07, 2015, Replay, Episode 07-07-2015<br />\ngunwars.org/community/showthread.php?tid=27930<br />\n10 hours ago - Bridges of Love July 07, 2015, Episode Bridges of Love 07-07-2015. BRIDGES OF LOVE July 7, 2015 Teaser - YouTube. Video for Bridges of ...<br />\nBridges of Love July 7 2015 Full Episode - OFW ...<br />\n.teleserye.tv/bridges-of-love-july-7-2015-full-epi...<br />\nTranslate this page<br />\n7 hours ago - Bridges of Love July 7 2015 Full Episode is a 2015 Philippine soap opera television series directed by Dado C. Lumibao, Richard V. Somes ...<br />\nBridges of Love July 7 2015 — Pinoy Tambayan | Wa   tch ...<br />\npinoy-ako-tv.com/bridges-of-love-july-7-2015/<br />\n7 hours ago - Pinoy Tambayan » Wa   tch Bridges of Love July 7 2015 Full Episode Replay of Pinoy TV Shows Replay Onl   ine from gma 7 teleserye , tv 5 and ...<br />\nFull-Video) Bridges of Love July 7 2015 Episode Full Replay ...<br />\ns://.facebook.com/...Bridges-of-Love-July-7-2015.../66002562...<br />\nFull-Video) Bridges of Love July 7 2015 Episode Full Replay is on Facebook. To connect with Full-Video) Bridges of Love July 7 2015 Episode Full Replay, sign ...<br />\nBridges of Love July 7 2015 Replay Full Episode | Pinoy ...\t<br />\n.teleph.info › Bridges of Love<br />\n14 hours ago - pinoy teleserye replay can't wait to wa   tch these series Bridges of Love July 7 2015 Full Replay. Videos are Embedded from Youtube.com, ...<br />\nBRIDGES OF LOVE - JULY 6, 2015 FULL EPISODE - Video ...<br />\nVideo for bridges of love july 7 2015▶ 0:22<br />\n.dailymotion.com/.../x2at_bridges-of-love-j...<br />\n1 day ago<br />\nBRIDGES OF LOVE - JULY 6, 2015 FULL EPISODE ... JUNE JULY (1 2 3 4 5 6 7 8 9 10 11 12 13 14 15 16 ...<br />\nGPT | Bridges Of Love – July 6, 2015<br />\ngopinoytv.com/wa   tch/bridges-of-love-july-6-2015.html<br />\n23 hours ago - Bridges of Love is a soap opera television series directed by Dado C. ... Bridges Of Love – July 7, 2015 • Bridges Of Love – July 3, 2015 ...<br />\n",
    "PostedDate": "2015-07-07T14:51:53.36-07:00",
    "UserRole": null,
    "MarkedAsAnswerDate": null
  }
]