[
  {
    "Id": "1460175",
    "ThreadId": "650343",
    "Html": "Be Cool Mechanical is one of the largest <a href=\"http://becoolmechanical.com\" rel=\"nofollow\">HVAC systems</a> suppliers in Calgary. The Company offers products in the distinct categories of heating and plumbing supplies, fire protection, industrial, oilfield supply and HVAC systems (heating, ventilation and air conditioning).\t<br />\n<br />\n<br />\nVisit here- <a href=\"http://www.becoolmechanical.com/air-conditioning.html\" rel=\"nofollow\">Air Conditioning</a><br />\n<br />\n<img src=\"http://www.becoolmechanical.com/assets/images/logo.png\" alt=\"Image\" /><br />\n",
    "PostedDate": "2016-01-21T22:34:13.18-08:00",
    "UserRole": null,
    "MarkedAsAnswerDate": null
  }
]