[
  {
    "Id": "1366412",
    "ThreadId": "587762",
    "Html": "You can find handful of stuff a lot more sacred versus the maintain of the whom laid affordable his or her world to ensure that your own is likely to be far better. This males and females who seem to sacrificed everything this means you may possibly encounter your a better standard of desire, aspiration as well as chance many people understood entire well they might under no circumstances find are immediately humbling and worth take great pride in along with expression.<br />\n<br />\nBlack Historical past 30 days features that almost holy resonance to do. This shows an twelve-monthly interval with representation that will try to remember and also dignity folks that endured generations connected with enslavement along with brutality, a great number of randomly works connected with terrorism as well as the continual indignity regarding second-class citizenship inside their own homeland. What's more , it presents the method to be able to mouse over people who defied that likelihood as well as bravely navigated shifty conditions to be able to triumph.<br />\n<br />\nYet for Nike, among the world’s a lot of money-making multinational firms, black historical past — my own track record — has been callously minimized for you to only one more income supply. In the past several years, nike roshe run pas cher includes employed that 12-monthly holy period of time of remembrance seeing that next to nothing greater than a marketing and advertising device to trade all the more connected with it is obscenely expensive fitness sneakers. Although this year, over the years associated with blatant injustices and also renewed battle and also activism at home, this total annual generate of its Black Background Thirty day period line of athletic shoes and also garments was fulfilled along with righteous indignation. Let’s anticipation Nike makes your principles.<br />\n<br />\nNike includes employed inside next to nothing not as much as that outright buying of the openings with African-Americans for decades. Everything commenced within the, if the brand name teamed upward considering the Nationwide Golf ball Association’s brightest movie star, Jordan nike air max 1 pas cher. The promoting mindsets lurking behind the actual step was excellent: Connect the swagger and also exclusive quality of perhaps the best gambler for you to at any time play the action considering the creativity associated with lots of people, mostly throughout urban North america, that have spent the greater section of their children's using unobtainable hoop wishes. And very fill this costs on individuals products, such this shoes or boots designed on the cheap are then available regarding many money, quickly maximizing a couple of trainers for you to high end position as well as which makes it an quickly familiar marker in between the haves along with the have-nots.<br />\n<br />\nFrom the very starting, Nike’s at this point flagship product or service, Atmosphere Jordans, have been thus highly sought after nonetheless nevertheless for a lot of thus very on a financial basis out of arrive at that this these days nike air max 90 femme became the idea intended for killing. From this mid-1980s and continuing as a result of 2014, persons — chiefly african american individuals — have displaced the lives around their Air flow Jordans. How ironic that your background witout a doubt bathed with blood is now being “honored” by means of Nike through the production connected with shoes that are fitted with took your spilling connected with even more blood.<br />\n<br />\nAnd also just what has Nike performed to return the favour with the exploitative and also occasionally critical a better standard of personal respect that it possesses gotten with the charcoal town pertaining to more than a couple of many years? Pretty much next to nothing.<br />\n<br />\nRelating to nike air max thea pas cher philanthropic operate, the actual informal observer can be challenged if we have to look for just about any evidence of a new assignment that will echoes the idea associated with offering to anyone who has given it a lot. As the Nike Groundwork concentrates most connected with the particular attention in improving upon this existence with adult females along with females throughout the world — a laudable purpose, in fact — it is home work has been pretty much but focused in two reports: Oregon and also Oklahoma. Put on, all these a couple states have a very specifically heavy in addition to egregious story together with white-colored supremacist task spawning from your KKK. Of course, all these reports are almost never reflective of the market cosmetics regarding it's primary shoppers.<br />\n<br />\nThe truth is, that wasn’t until finally 2014, ten years after the launch connected with the Dark-colored Story Thirty days distinct boots and shoes and also garments, that will nike free 5.0 femme<br />\nproclaimed your creation from the Actually Better Fund. Said to have been started off by corporation’s ebony workforce, this initiative pledges to be able to give approximately $1 trillion of the dollars manufactured from the actual selling with the African american History Calendar month selection to be able to underserved communities. However for a corporation in whose BOSS, Microphone Parker, because the later part of 2012 got house through 40 occasions which quantity with wage by yourself, a new $1 thousand donation is usually almost nothing. The truth is, that effort is definitely hence devalued, this hasn’t sometimes merited a new speak about on the Nike Foundation’s website, an area of which proudly proclaims their alternative charitable perform within the OUGH. S. and also over the world.<br />\n",
    "PostedDate": "2015-03-17T19:43:22.81-07:00",
    "UserRole": null,
    "MarkedAsAnswerDate": null
  }
]