[
  {
    "Id": "1315862",
    "ThreadId": "570467",
    "Html": "For a customer I wanted that will prepare a product or service evaluate with the <a href=\"http://www.nikepascherfemme.com/nike-free/nike-free-run-2\" rel=\"nofollow\">nike free run 2 pas cher</a>. We've had difficulties with them and are continue to making the purchase a far more specific DEVICE enjoy regarding jogging. Two or three the information sites usually are pertaining to consumer critiques plus Relating to discovered this is a good way for all to share tips. The Nike + site will not offer all the info as MY SPOUSE AND I wished-for.\r<br />\n<br />\nOne thing <a href=\"http://www.nikepascherfemme.com/nike-air-max/nike-air-max-90\" rel=\"nofollow\">nike air max 90 pas cher</a> does not explain is always that the sensor can even now develop alternative running sneakers. The NIke+ operating sneakers employ a modest location less than the actual insole place the particular sensor, although when you can get it parallel ample towards surface on your own running sneakers it may perform reasonably very well. MY SPOUSE AND I shopped retailers internet purchasing a little tote, women and men crucial pockets have been as well massive with this as well as doing my very own appeared to be free. Used to do find yourself buying this off-brand arm-band and sensor sack at Ideal Obtain for a ton inexpensive versus the Nike make!\r<br />\n<br />\nI had been capable to modify my personal Below <a href=\"http://www.nikepascherfemme.com/nike-air-max/nike-air-max-1\" rel=\"nofollow\">nike air max 1 pas cher</a> using a smaller sack MY PARTNER AND I sewed plus pinned to the jogging sneakers. Them is effective very good the way it will be while parallel to the yard since We can obtain it. Our imagine is always that the digital pedometer is precise inside of 10%. Used to do plan this pertaining to my own tempo along with stride however without a GPS UNIT, nothing will be 100% correct.\r<br />\n<br />\nFor the most part Relating to relished the particular simple employ, power for you to hear audio considering the this, along with the low price. Regrettably, my own ipod device nano includes iced a couple of times although Relating to employed the program while managing. That could not help you save my personal info and MY SPOUSE AND I started to be a bit frustrated. MY SPOUSE AND I include the info to the <a href=\"http://www.nikepascherfemme.com/nike-air-max\" rel=\"nofollow\">nike air max pas cher</a> dashboard internet and also course our works. When them freezes and also WE drop the info from the work I won't have got anything to upload.\r<br />\n<br />\nI've recently been while using digital pedometer pertaining to regarding COUPLE OF weeks, along with the earliest 1 Pondered didn't signup your sensor any longer. MY SPOUSE AND I went on this on the ipod device save to get aid, although appeared having to return this to the store where MY PARTNER AND I purchased the idea. Your affiliates at the mp3 player retail store explained your power ought to final one or two years thinking that I did not necessarily have on the item out and about in a very small couple of many days. The primary a single Pondered need to have happen to be defective and the next 1 POST sold them pertaining to does very good.\r<br />\n<br />\nNike includes appear with many accessories to the <a href=\"http://www.nikepascherfemme.com/nike-free/nike-free-5-0\" rel=\"nofollow\">nike free 5.0 pas cher</a>. The activity system consists of the particular sensor in addition to a arm piece to get having the mp3 player. Relating to already been always keeping our mp3 player Nano in a zipper jacket pants pocket but within the the summer months you'll probably decide to to consider paying for a supply group. You could find quite a few equipment in Amazon or Ebay while using sensor having a further sneaker. One thing I located of which while i traveled to go back this initial Nike+ sensor appeared to be that you may possibly not return them in order to just about any place, various choices are generally sent out that will diverse stores. The version this ipod device save provides could be a little bit numerous as compared with just what some other suppliers now have got throughout investment.<br />\n",
    "PostedDate": "2014-10-22T19:51:37.487-07:00",
    "UserRole": null,
    "MarkedAsAnswerDate": null
  }
]