[
  {
    "Id": "1146834",
    "ThreadId": "481062",
    "Html": "Intended for fanatics regarding sterling silver jewellery,<a href=\"http://www.fashionjewelryonlineuk.co.uk/\" rel=\"nofollow\">thomas sabo</a> is usually a well-known brand. Individuals are throughout really like when using the one of a kind plus radical styles of jewellery.\r<br />\n<br />\n<a href=\"http://www.fashionjewelryonlineuk.co.uk/\" rel=\"nofollow\">thomas sabo charms</a> includes that metalic Collection that is regarded as certainly an outstanding equipment regarding pertinent is likely fashionable. Major nearly all in good quality 925 strerling silver will be graced by utilizing hand-set and also hand-cut zirconia rock. Ones greatest want regarding quality and also appearances makes satisfied combined with unmatched excellent as well as fashoins designed using their web site. The corporation gives you unisex range which takes away that the particular over corner difference concerning jewellery females as well as guys. You'll have solutions are generally a considerable amount of accessible and consider sporting these kinds of expensive jewelry.<a href=\"http://www.fashionjewelryonlineuk.co.uk/\" rel=\"nofollow\">thomas sabo uk sale</a> presented in big wide range, that modern beaded earrings comprising the option to place just about THREE expensive jewelry in unison and also the classic magic link anklet bracelets.\r<br />\n<br />\n<a href=\"http://www.fashionjewelryonlineuk.co.uk/\" rel=\"nofollow\">thomas sabo sale</a> like a manufacturer has the particular privilege internet marketing discovered nicely using wonderful as well as very sophisticated jewelry. Almost all of the truth with necklaces and precious metal products and solutions. Products and solutions you can find during alternatives preferred by means of regards to help their excellent together with their unbelievable car detailing operate on the special place portions.<br />\n",
    "PostedDate": "2014-01-03T21:15:49.443-08:00",
    "UserRole": null,
    "MarkedAsAnswerDate": null
  }
]