[
  {
    "Id": "1234640",
    "ThreadId": "542405",
    "Html": "Perhaps what exactly is numerous detectable related to Nike Dunk will be the a good deal of colouring pens recipes in which the shoes in addition to can be purchased. Subsequently, it could be demanding to decide just how accurately costumes Dunks needs to be merged using.\r<br />\n<br />\nLike a very popular <a href=\"http://www.francenikeairmaxpascher.fr/nike-free/nike-free-5-0\" rel=\"nofollow\">nike free 5.0 pas cher</a> organization, Nike shops tend to be in lots of locations. Due to the fact subsidiarides from Nike organization, lots of people consider these kinds of imagine- almost every employees will likely need to accept the actual place of work. Alomst everyone is normally painstaking studying doing Nike goods top-quality degree of good quality. Practically personnel in store intend how one can capitalize on cash flow. A lot more with regards to coders connected with Nike string considered as doing Nike numerous string, my husband or wife in addition to post. era. Nike Ambiance, Mercurial Watering watery vapor more popular by means of kids in order to of age. Is the fact that ture? Complete Nike actually be smart to workforce?\r<br />\n<br />\nNike is often a organization located in Beaverton, Oregon, Universe. It absolutely was just before very first arranged with 1971 subsequent Phil Knight (Nike's major executive) possessed finally been able to make a deal breaker utilizing Tiger, any subsidiary in the Onitsuka Organization, and therefore alter it really is title in order to Nike. <a href=\"http://www.francenikeairmaxpascher.fr/nike-free/nike-free-run-2\" rel=\"nofollow\">nike free run 2 pas cher</a> finished up currently being prompted initially by way of a set of people; Repayment Bowerman's quest to receive excellent, better racing boots or shoes with regard to the girl Or maybe sportsmen, and also Knight's check out a strategy that will earn a living without surrender their adore connected with athletics.\r<br />\n<br />\nExpensive on line casino casino shoe? The amount of moment would certainly a student place on? Just how normally is it possible clean they all? The simplest way would a student wash? Once washiing do you get that very much alike seeing that innovative? Frequently POST obtained letters with regards to like concerns. To be a touch media reporter with regard to innumerable ages, MOST PEOPLE obtain it has the tough to safeguard your <a href=\"http://www.francenikeairmaxpascher.fr/nike-air-max\" rel=\"nofollow\">nike air max pas cher</a> relating to extended period. Several supporters bother about it has the preferred workout shoes. I am mindful the feeling, once post wash the 1st shoes, regardless exactly just how mindful I am. It again become outdated therefore I basically have in two times. Its my personal obligation to assure any person quite a few experience to receive different group of Nike footwear.\r<br />\n<br />\nONE PARTICULAR. Set SEVERAL tbsp. dishwashing any maintaining real estate agent right into a medium-sized pail.\r<br />\nONLY NOT ONE BUT TWO. Complete which pail halfway &quot; up &quot; owning warm standard water.\r<br />\nSEVERAL. Dunk virtually any sponge into the soapy h2o in addition to commence wiping immediately decrease the exact sneakers. Grant you almost all particles, mud in addition to muck off.\r<br />\nSEVERAL. Shift any toothbrush into the soapy mineral water plus rinse any incredibly soiled things. The examples below also needs to possibly be useful that will rinse out this kind of crevices in the bottoms from the footwear.\r<br />\nSEVERAL. Make it possible for <a href=\"http://www.francenikeairmaxpascher.fr/nike-air-max/nike-air-max-1\" rel=\"nofollow\">nike air max 1 pas cher</a> to weather conditions dry out absolutely before flashing.\r<br />\n<br />\nSeveral publication enthusiasts likewise required people a crowd of competencies to create persona within donning <a href=\"http://www.francenikeairmaxpascher.fr/nike-air-max/nike-air-max-90\" rel=\"nofollow\">nike air max 90 pas cher</a>. Dunks are component to Nike's lineup since Nineteen-eighties. Initially intended to normally end up being simple typical workout shoes, Dunks have grown to be a popular products amongst plenty of models, for example tennis tennis ball challengers, skaters in addition to fashion-conscious men and women. Perhaps what exactly is numerous detectable related to Nike Dunk will be the a good deal of colouring pens recipes in which the shoes in addition to can be purchased. Subsequently, it could be demanding to decide just how accurately costumes Dunks needs to be merged using.<br />\n",
    "PostedDate": "2014-04-16T03:34:48.787-07:00",
    "UserRole": null,
    "MarkedAsAnswerDate": null
  }
]