[
  {
    "Id": "531246",
    "ThreadId": "237167",
    "Html": "\r\n<p>For any messages found to be spam, a notification email will be submitted to hyperlinks websites, within an investingation report on where we require they to inform us about the SEO company/individual. Once we have the data (of spam user), we encourage to\r\n assist international laws to apply justice and/or instead notify your actions worlwide.</p>\r\n<p><span style=\"text-decoration:underline\">This Discussions web page is intended only to allow users to ask or discuss about the asp.net forum software published.</span></p>\r\n",
    "PostedDate": "2010-12-04T18:46:01.457-08:00",
    "UserRole": null,
    "MarkedAsAnswerDate": null
  }
]