[
  {
    "Id": "736401",
    "ThreadId": "290244",
    "Html": "\r\n<p>Hi,&nbsp;</p>\r\n<p>&nbsp;</p>\r\n<p>I am working on business application using Silverlight-4 &amp; WCF as web services in MVVM architecture. I am facing a problem with a WCF services. Whenever web-service is called its throwing exception\r\n<em><strong>&quot;The remote server returned an unexpected response: (400) Bad Request. In Silverlight, a 404 response code may be reported even when the service sends a different error code.&quot;</strong></em> sometimes.</p>\r\n<p><br>\r\nI tried maxBufferSize, maxReceivedMessageSize, maxStringContentLength etc to max limit but all in vain.<br>\r\nCan anyone suggest me any other pointers how to track actual problem or solution to mentioned issue.</p>\r\n<p>&nbsp;</p>\r\n<p>Thanks in advance,</p>\r\n<p>Parvinder Singh</p>\r\n",
    "PostedDate": "2012-02-02T02:23:31.657-08:00",
    "UserRole": null,
    "MarkedAsAnswerDate": null
  }
]