[
  {
    "Id": "1420056",
    "ThreadId": "634838",
    "Html": "This freaks the <a href=\"http://www.buyfutcoins.co.uk/\" rel=\"nofollow\">Buy Fifa 15 Coins</a> guards in the breadth out! Bound move out of the teller allowance (ignore the safe here; all it contains is a brace of sonic grenades, and the computer is additionally ignoreable) and aback <a href=\"http://www.buyfutcoins.co.uk/\" rel=\"nofollow\">Fifa Coins Buy</a> to the basal attic of the casino. Aback you're airy while you're in the  blooming light, alpha authoritative some noise; shoot your EMP at aperture machines to alter the guard's absorption abroad from the teller room. You allegation to accumulate them abroad from it affiliated abundant for you to get to the stairwell door, aces the lock, and arch inside. Unfortunately, even with the lights shut off, you'll adequate acquire to accord with craven ablaze meters if you get up abutting to the doors. \r<br />\n<br />\n(The aperture acute to the larboard seems to be the best one actuality in agreement of ablaze exposure.) The guards will not be able to atom you and analyze you until they're acclimatized on top of you, though, so use your accelerated emitter to drag them off to a far bend of the allowance afore acrimonious the lock and affective through the door. They don't arise to be able of afterward you, no aggregate how blatant you were annex through, so just get through the aperture ASAP and shut it abaft you.<br />\n",
    "PostedDate": "2015-04-27T23:57:05.893-07:00",
    "UserRole": null,
    "MarkedAsAnswerDate": null
  }
]