[
  {
    "Id": "1176143",
    "ThreadId": "506610",
    "Html": "Another style of choice is to write a name on Pandora beads\r<br />\n<br />\nDepending on individual taste in <a href=\"http://www.pandoracharmscheapcanada.com/\" rel=\"nofollow\">pandora charms</a>, no two bracelets will be the same. Many jewelers offer a service where every customer has an account, so you can keep track of the grains that have already bought (or had bought for them.) Many people choose not to use all the charm at once, but his wrist kit according to your mood or the events around him.<br />\n\r<br />\n Holiday <a href=\"http://www.pandoracharmscheapcanada.com/\" rel=\"nofollow\">pandora canada</a> beads are available, usually sell well in the run up to Christmas, as well as accounts that match well with current events in the life of someone. Examples include the stroller as mentioned above, rosettes to win a prize and picnic baskets.\r<br />\n<br />\nAnother style of choice is to write a name on Pandora beads - all the letters of the alphabet are available for purchase and always looks good that your name or a loved one on your wrist. They can also double as ID bracelets, so choose this style quite useful.\r<br />\n<br />\nFor anyone interested in buying a <a href=\"http://www.pandoracharmscheapcanada.com/\" rel=\"nofollow\">pandora charms canada</a> to go with it you should always buy from a reputable jeweler, as the counterfeits in circulation in the market for higher prices than the real. Authentic Thomas Sabo beads can be identified by the mark which is present in the inner ring of the grain.<br />\n",
    "PostedDate": "2014-01-17T21:34:37.35-08:00",
    "UserRole": null,
    "MarkedAsAnswerDate": null
  }
]