[
  {
    "Id": "1146826",
    "ThreadId": "481058",
    "Html": "Enjoy the outside the house and also as a single having mother nature? Next barefoot operating sneakers is often simply just that make any difference to suit your needs. <a href=\"http://www.nikebutikstockholm.com/\" rel=\"nofollow\">nike skor online</a> is now my own pal actually since MY SPOUSE AND I turned to help minimalist operating, it might be yours additionally.\r<br />\n<br />\nNow, our own very hot good discounts nike totally free boots throughout on line save. This manufacturer with <a href=\"http://www.nikebutikstockholm.com/\" rel=\"nofollow\">nike skor sverige</a> has become very popular intended for only plenty of several years, That Consequently, that Nike Cost-free Run+ two Sneakers has exploded straight into one among one of the most favored sneakers about the market place, along with is redesigned with innumerable colorways. Nike 100 % free Run Ladies Boots is currently abailable inside a affluence involving top of the line substance in addition to color remedies to the one-of-a-kind appearance. Substitute connected with ripstop nylon, suede, full-grain as well as broke leather increased. <a href=\"http://www.nikebutikstockholm.com/\" rel=\"nofollow\">nike skor online sverige</a> effect security. Waffle outsole pertaining to compact traction along with endurance. Beautiful Choose very best nike totally free coming from us!\r<br />\n<br />\nUnderstand how comfortable the particular <a href=\"http://www.nikebutikstockholm.com/\" rel=\"nofollow\">nike skor stockholm</a> is and you will inevitably be searching for that will put in them all the required time intended for enduring involving managing that may be beautiful. Practical knowledge that sneakers shifting your time specifically on the particular road as well as recognize the value of a person's work similar to by no means in advance of.<br />\n",
    "PostedDate": "2014-01-03T19:53:28.707-08:00",
    "UserRole": null,
    "MarkedAsAnswerDate": null
  }
]