[
  {
    "Id": "1257812",
    "ThreadId": "549110",
    "Html": "The final word can easily product list regarding 2011 will be below. The top part 12 womens presents regarding 2013 protect many wives likes and dislikes together with glamor, extravagance, <a href=\"http://www.nikestoreoutletonline2014.com/\" rel=\"nofollow\">nike outlet online</a> along with house. There is something in order to enjoy your wife, significant other, mommy, related, princess and grandmother in such a several years Santa wish list. Conditioning is definitely well-known this year while will be technological know-how by using Kindle, iphone headsets and also unwanted cameras. High class is obviously common using encounter lotions, fragrances and also silk sleepwear.\r<br />\n<br />\nYour daunting economical moments possess resulted in a lot fewer exposes nevertheless <a href=\"http://www.nikestoreoutletonline2014.com/\" rel=\"nofollow\">nike store outlet</a> with excellent quality. Persons are not as likely to help throw away cash inside these times. Top quality, responsible companies and also personality are generally typical styles this year. On the web browsing by means of Amazon features empowered the two convenience plus financial savings using possibly a number of the best <a href=\"http://www.nikestoreoutletonline2014.com/nike-air-ma\" rel=\"nofollow\">nike air max baratas</a> seriously lower. Benefit from the top 12 reveals intended for girls really. Be sure you order beginning along with will not lose out in your favored ladies this particular Great valentines ideas Time and also bday.\r<br />\n<br />\nThis year’s top ladies reveals contain Supplement AGE Natural skin care, Urban Rebounder Tiny Trampoline, Kindle DX 3G Handheld Examining Unit, Etymotic hf3 High Fidelity Headset, <a href=\"http://www.nikestoreoutletonline2014.com/nike-air-max/nike-air-max-90\" rel=\"nofollow\">nike air max 90 baratas</a> + SportBand Joggers Enjoy, Dolce &amp; Gabbana Mild Random world Cologne, Nike Zoom Soar Cousin One+ Ladies Training organisations, Flip MinoHD Pocket Video camera, Kumi Kookoon High class Womens Silk Sleepwear and also Adidas simply by Stella McCartney Sport activity Handbag Rank is very subjective and could switch seeing that Great valentines ideas Day time strategies.\r<br />\n<br />\n<a href=\"http://www.nikestoreoutletonline2014.com/nike-free-1/nike-free-5-0\" rel=\"nofollow\">nike free 5.0 baratas</a> concentrate on market place strategy could be to provide garments in addition to specific sport shoes or boots by having a positive type impression. Your type photograph relies on their particular unique emblem and the advertising slogan, &quot;Just Exercise. &quot; To be able to maintain the following impression, Nike uses vast investments throughout manufacturer promo and also marketing and advertising. They certainly this largely with the advertise actions including product sponsorship with specialist fitness competitors, superstar some athletes, and lots of higher education casual competitors. Nike supplies production for numerous types of sporting activities.<br />\n",
    "PostedDate": "2014-06-19T02:55:41.653-07:00",
    "UserRole": null,
    "MarkedAsAnswerDate": null
  }
]