[
  {
    "Id": "1340268",
    "ThreadId": "577251",
    "Html": "In accordance with that myths regarding Portugal plus Roman, your look and feel from the deity Venus carries a panoramic plus musical star. From the splashing in the foams, she's come into staying. Which is to speak about, the woman's entrance is definitely companied while using habit in the sea. Your history expresses the particular beauty with rhythm inside a strong cosmetic recitation from the labor and birth in the delegate regarding wonder and really like. To chat comprehend, every single patch of everything is actually fraught having th magnificence of <a href=\"http://www.billigtnike-rea.com/nike-air-max/nike-air-max-90\" rel=\"nofollow\">nike air max 90 rea</a>. We can create a metaphor of which habit is really a soul that is certainly very easy. That origins from the heavens is also connected with the actual operations associated with flow. Your organized revolving from the exoplanets is usually a different example in the function of beat. Your constellations are set up reported by parallel range and parallel lighting amidst personalities. Your over occasions uncover the actual acquaintance from the rhythm and also the abode figures. Rhythm in addition offers it is dominating area in the world. That whistling from the airstream, that shaking from the bamboos in addition to vegetation, that gurgling from the brooks, each one of these help make recognised that attractiveness involving groove.\r<br />\n<br />\nBecause most people uttered above, <a href=\"http://www.billigtnike-rea.com/nike-air-max/nike-air-max-2014\" rel=\"nofollow\">nike air max 2014 dam</a> is often a nature who has it is address virtually all around the world, individual living rooms involved. Architectural mastery is definitely songs in a iced technique, which is universally approved because of the persons. Quite simply, around architectural mastery there may be also your prominence of tempo. Have Gordy, that architect around Spain for example, most his / her functions will be an excellent reflection in the curvaceous wonder. That line of blackberry curve is also just one method of tempo, featuring that vibrant splendor. Beat maintains about participating in it's all-pervading trait from the literal is effective, like the elegy and also the track. While using nourishing associated with beat, splendor around these folks has got a eternal area. Chinese language Tang poems in addition to Track when compared to were prevalent by means of rhythm. Your special as well as beautiful rhythm from the Homer's impressive as well as Shakespeare's sonnet also offers enjoyed any momentous section for their powerful store in the literal planet. Beat is definitely exactly a character in which develops it is satisfying tunes in addition to exhibits it has the enchanting number to the entire world. With its existence the actual <a href=\"http://www.billigtnike-rea.com/nike-air-max/nike-air-max-90\" rel=\"nofollow\">nike air max 90 billigt</a> can be more appealing to seem and much more enjoyable to be able to hear.\r<br />\n<br />\nHero are capable of delight in extra theme because of the factor with rhythm. <a href=\"http://www.billigtnike-rea.com/nike-air-max\" rel=\"nofollow\">nike air max billigt</a>, that titan from the region regarding footwear manufacturing, provides produced total make use of habit as well as grow to be immortal in the container. Jordan Jordan is a main factor of which advances the actual flying on the corporation. Inside 1985, that titan from the domain involving sneaker generating possessed set up some sort of strong in addition to modern cooperation with all the titan inside hockey arena. Needless to say, prior to the amazing year, 1985, neither of them ones has been an enormous find of star for their individual arena. In those days, the organization possessed designed a matchless advertising.\r<br />\n<br />\nFrom the advertisement there were some sort of setting up a several yards from the actual golf ball endure place you Michael Jordan. When a shot folded into the edge involving their paws, this individual dredged way up that shot while using ft in which putting on Nike footwear. Once the tennis ball has been about her fretting hand, they produced a bound and verts slam dunk. When has been for instance running in the surroundings. Subsequently, your men and women were acquainted with your find of Air flow Jordan and <a href=\"http://www.billigtnike-rea.com/nike-air-max/nike-air-max-90\" rel=\"nofollow\">nike air max 90 dam</a>. That triumph from the advertisement indicates the power on the tempo. From the beat, pace in addition to vigor tend to be totally revealed.<br />\n",
    "PostedDate": "2015-01-08T23:49:06.413-08:00",
    "UserRole": null,
    "MarkedAsAnswerDate": null
  }
]