[
  {
    "Id": "1321552",
    "ThreadId": "571944",
    "Html": "The afternoon on the Useless is usually famed through out Latin The us about Late 2nd, on an annual basis. Folks check out cemeteries across for vacations plus reveal a while utilizing inactive kinfolk as well as associates. This is the only evening inside year while graveyards tend to be visited by means of crowds as well as every one of the tombs are generally washed as well as taken care of together with blossoms. Nike thought i would honor this time with a <a href=\"http://www.nikefreesale2014de.com/nike-free\" rel=\"nofollow\">nike free run damen</a> consequently have a look at this specific Nike Dunk Excessive Advanced &quot;Day with the Inactive Collection&quot;. These kind of could show to be your dual celebration pair of sneakers together with Halloween going on two days and nights ahead of Evening in the Dead at October 31st. Your uppers are made of true premium ebony leather-based. The leading off-road shield in addition to back again back heel safeguard, ribbons keep as well as lace strap are already dealt with by using crimson habits as well as designs which are bizarre however intriguing.\r<br />\n<br />\nThat they yes that sneaker its own specific qualities. That bottom field of <a href=\"http://www.nikefreesale2014de.com/nike-roshe-run\" rel=\"nofollow\">nike roshe run damen</a> &quot;Day on the Dead&quot; Halloween HOH is dark-colored as well as perforated for enough venting along with air flow movement for the feet. The actual swoosh in addition to inner cellular lining will be light source eco-friendly and also result in a huge contrast from the charcoal and also crimson uppers. They may be completely beyond area inside a unique nut beautiful wording. The actual <a href=\"http://www.nikefreesale2014de.com/nike-free/nike-free-5-0-damen\" rel=\"nofollow\">nike free 5.0 dame</a> internal single includes a head plus bone fragments layout on the white-colored as well as yellowish history. The middle single is actually ebony that has a pink exterior singular which will completes this particular layout. Be sure that ones local Home associated with Hoops pertaining to details at when as well as how to attract ones binocular.\r<br />\n<br />\nThese would be the several style of, which in turn nickname is definitely &quot;<a href=\"http://www.nikefreesale2014de.com/nike-free/nike-free-5-0-herren\" rel=\"nofollow\">nike free 5.0 herren</a>&quot;. This particular trainer features peach patent leather-based having dark airplane logo. Lovable dots as well as zebra styles may be learned on your back heel in addition to underlay with respectively. Way-out area has been created through the YoaKustoms which an organization dedicated to producing level of quality, made to order kicks with numerous kinds in addition to designs. Any footwear is usually one-of any kind furnishing users which confidential look. They've got also been planned for ONE PARTICULAR of her latest buyers who seem to chosen some sort of Odd location concept. Your Nike Dunks big is among the magnum opus, as well as offers incredible effects towards the customized workout shoes. The actual <a href=\"http://www.nikefreesale2014de.com/nike-free/nike-free-5-0-damen\" rel=\"nofollow\">nike free 5.0 schwarz</a> significant Payment also involves a lot of enthusiasts severely cherished as well as needed right after teenagers. That they job a wide selection of polka robots, zebra art print as well as actually stunning madcap hues lead apart implementing a fantastic tranquility hint and in addition an amazing smiley critical acquiring ribbons fastener!<br />\n",
    "PostedDate": "2014-11-12T23:03:42.407-08:00",
    "UserRole": null,
    "MarkedAsAnswerDate": null
  }
]