[
  {
    "Id": "1303167",
    "ThreadId": "566975",
    "Html": "While in the compilation of custom made Nike footwear, There's no doubt that this lovely Nike Air Greatest extent 2010 would be the range of most of the people. Generally speaking, the sort of footwear is the fruit in the science, sophisticated technological innovation in addition to historical past. Graphic designers made of their attempts to help increasing your overall flexibility involving <a href=\"http://www.hotnikestorees.com/nike-air-max\" rel=\"nofollow\">nike air max baratas</a> available the most comfort and ease in order to runners' toes. Later, Nike AirMax started out the particular engineering war and also ended supplied depreciation throughout activities shoes. One example is, <a href=\"http://www.hotnikestorees.com/nike-air-max/nike-air-max-1\" rel=\"nofollow\">nike air max 1 baratas</a> seemed to be just lately complete having very accommodating, quite simple, super reliable in addition to adjustable. Being dressed in these kinds of a kind of footwear, you are going to experience including that you are taking walks in the air.\r<br />\n<br />\nCurrently being one of the most popular manufacturers while in the entire planet, it is no doubt which Weather Max2009 includes good high quality and also dependability. Most of these super shoes and boots could gain good status, full rely on in addition to correct price. Naturally, there are numerous different Nike custom made activities boots, like <a href=\"http://www.hotnikestorees.com/nike-air-max/nike-air-max-90\" rel=\"nofollow\">nike air max 90 baratas</a>, AirMax 91, Nike Surroundings Utmost 95. Nike AirMax87 is the 1st established release while in the a line Nike solutions. In 1987, folks wish to compress air conditioning model while in the underside in the footwear, plus the delivery with Nike Air conditioning Utmost was simply just conform with the requirement of people. Thus, Nike Air conditioning Greatest extent effective lived in sales as well as swiftly grew to be the top offering item.\r<br />\n<br />\nWith the popularity associated with designer Nike AirMax shoes and boots out there, there are numerous organization merchants and also on-line merchants designed to give quality <a href=\"http://www.hotnikestorees.com/nike-air-max/nike-air-max-2013\" rel=\"nofollow\">nike air max 2013 baratas</a> by using lessen price ranges in order to buyers, particularly internet shops. Whenever you search online, you are going to attain shock. There are numerous affordable designer Nike AirMax designed for customers available. Nike Weather Max '09 is the nearly all best selling in the completely series.\r<br />\n<br />\nNike Air conditioning Max2009 combines higher priced technological know-how in addition to streamlined style and design for just a quality journey plus healthy made with regard to pace. When you are your athlete, custom made AirMax 2010 might be well suited for people, because Surroundings Max2009 offers highest possible ease and comfort in addition to cushioning by heel- hit to toe-off. The particular full-length articulated Potential Weather product offers exceptional cushioning and makes for any smoother, more organic range of motion by each and every ft . strike. Every single type of Nike items offers its own features and also the unique folks. Nike Air conditioning Max2009 are usually specially designed for you if you are able to can away front door things to do. Them tend not to simply have you type, most recent methods of <a href=\"http://www.hotnikestorees.com/nike-air-max/nike-air-max-2014\" rel=\"nofollow\">nike air max 2014 baratas</a> are made using several kinds and also colorings to fulfill several needs regarding customers. Due to this fact, men and women can have extra alternatives once they tend to be picking out the favourite boots or shoes. Generally speaking, it is worthwhile for many athletics addicts to obtain low-cost developer Nike Air conditioning Max '09. Excepting the favorable good quality, additionally , it provides vogue styles as well as amazing colorings to produce you turn into that center in the guests. Plus the great overall flexibility produce this great comfort and ease for a ft which help to make there are a better performance inside sports activities domain.<br />\n",
    "PostedDate": "2014-09-10T03:59:37.913-07:00",
    "UserRole": null,
    "MarkedAsAnswerDate": null
  }
]