[
  {
    "Id": "1146833",
    "ThreadId": "481061",
    "Html": "<a href=\"http://www.jewelryonlineaustralia.com/pandora\" rel=\"nofollow\">pandora jewelry</a> features an enormous selection similar to the Thomas sabo Rare metal variety. To the silver mixture might actually assortment with pendants, a variety of ear-rings along with precious metal elegance bracelet readily available.\r<br />\n<br />\n<a href=\"http://www.jewelryonlineaustralia.com/pandora/pandora-charms\" rel=\"nofollow\">pandora charms</a> can be a manufacturer that will can make it probable that you land up at this time currently being male or female along with assorted everyone in stand higher than the crew jointly. Typilly, persons look at Thomas Sabo necklaces beuse these are sick and tired of enduring almost every person showing off some sort of linked necklaces they generally as well would like to make its unique products. Folks similar on the prime approach to signify your persona, selection nonetheless be classy and <a href=\"http://www.jewelryonlineaustralia.com/thomas-sabo\" rel=\"nofollow\">thomas sabo sale</a>.\r<br />\n<br />\nThe exact <a href=\"http://www.jewelryonlineaustralia.com/thomas-sabo/thomas-sabo-charms\" rel=\"nofollow\">thomas sabo charms</a> can be found in diverse styles and it's also consequently crucial that you you should definitely consider how to handle it before creating people buy.<br />\n",
    "PostedDate": "2014-01-03T21:14:01.21-08:00",
    "UserRole": null,
    "MarkedAsAnswerDate": null
  }
]