[
  {
    "Id": "1257806",
    "ThreadId": "549108",
    "Html": "Obtaining Jordans regarding low cost throughout shops might be particularly complicated unless you understand where to seem. <a href=\"http://www.nikeairmaxkopensale.com/nike-air-max/nike-air-max-1\" rel=\"nofollow\">nike air max 1</a> will be highly sought after as well as excellent is actually this kind of need arrives a high cost in in the store. On the other hand, there are many areas you can find low cost Jordans shoes or boots in certain times and also making use of certain procedures. Here many of us take a look at everything required to be aware of for you to get yourself a set of two affordable Jordan athletic shoes or maybe high pumps.\r<br />\n<br />\nWhile purchasing a manufacturer involving boots and shoes similar to <a href=\"http://www.nikeairmaxkopensale.com/\" rel=\"nofollow\">nike air max 1 sale</a> you're effortlessly settling additional for any brand, the coffee quality them connotes and also the sociable have an effect on of which arrives together with that brand. As such, shopping for non-authentic eliminates the key level of those superb shoes : you're not receiving the real thing plus about to catch having the identical level of top quality. Here all of us look exclusively in the different ways to order real shoes or boots plus methods to avoid becoming duped directly into buying this non-authentic products.\r<br />\n<br />\nThere are many issues you can consider while obtaining <a href=\"http://www.nikeairmaxkopensale.com/nike-air-max/nike-air-max-1\" rel=\"nofollow\">nike air max 1 dames</a> to find out whether the actual set is usually a artificial and also not. This specific gets to be particularly critical while obtaining around marketplaces or maybe through on the net retailers wherever you may not be certain regardless of whether the shoes are arriving straight by Nike. The examples below will be the primary what to look out for (although there are other points in addition these):\r<br />\n<br />\nCheck that generation amounts: This can be a surest knack of realizing, you can find the particular development phone numbers away <a href=\"http://www.nikeairmaxkopensale.com/nike-air-max/nike-air-max-90\" rel=\"nofollow\">nike air max 90 dames</a> you are considering and call up the maker that will ask if they match up.\r<br />\n<br />\nPrevent that Nike Swoosh: Pretty some of the exact reproductions in the well known boots and shoes basically contain the Nike 'Swoosh' logo in these people, when using the merely exceptions getting the original types and also the 60's styles. Any contemporary types ought not contain the Swoosh at these.\r<br />\nWhenever a couple of Jordans is stated when 'B' quality they are factory mere seconds out of a genuine <a href=\"http://www.nikeairmaxkopensale.com/\" rel=\"nofollow\">nike air max 90 sale</a> manufacturing area. You need to generate this aspect because these styles is a really touch inexpensive after that usual store types but without doubt they may be however realistic Nike shoes. B grade Jordans is a wonderful option in case you are using a specially tiny price range however continue to really want the real thing.<br />\n",
    "PostedDate": "2014-06-19T02:47:35.497-07:00",
    "UserRole": null,
    "MarkedAsAnswerDate": null
  }
]