[
  {
    "Id": "1217552",
    "ThreadId": "536907",
    "Html": "Nike camiseta de los angeles campaña lanzada pena Gyakusou\r<br />\n<br />\nEn el pasado, hemos introducido para el lanzamiento público de los angeles moda profesional <a href=\"http://www.zapatillasnikefreerun.es/\" rel=\"nofollow\">nike free run</a>, rara y breve información sobre los deportes relacionados ropa, te traemos este nuevo y exclusivo mensaje de los angeles marca de ropa deportiva. Esto hará que usted se convierte en más condiciones de llevar Oh yea. Trabajamos juntos para tratar de entender los angeles razón law de los angeles gente en este Encubierto Takahashi en común minus Nike para crear los angeles serie &quot; Gyakusou &quot; de los productos, lo que hay deporte Gyakusou camiseta Oh yea, te ves maravillosa y así lo hace.\r<br />\n<br />\nDesde el año pasado por Takahashi encubiertos razón law por los angeles gente en común minus <a href=\"http://www.zapatillasnikefreerun.es/\" rel=\"nofollow\">nike free run 2</a>  para crear los productos de los angeles serie &quot; Gyakusou &quot; se han desarrollado para este muchos productos de alto perfil. Distinct énfasis en las thoughts innovadoras y una combinación de los materiales funcionales, que any su vez evolucionó any partir de un &quot;menos -pero- mejor&quot; filosofía de diseño. Sin embargo, para el año 2011, los angeles marca ha puesto en marcha una vez más nuevos productos sorprendentes. Los several puntos de los angeles manga delete deporte Gyakusou Camiseta, Dri -Fit utiliza un content de mecha distinct, el sudor delete cuerpo rápidamente se puede excluir. Otros puños elásticos diseñados para satisfacer los angeles escalabilidad y el movimiento de los cambios en el cuerpo, y un confort óptimo. Por el amor de trotar amigos, esto es absolutamente esencial que usted absolutely no falte el dinero mejor ropa.\r<br />\n<br />\nMinus el fin de cumplir minus el clima de otoño, nuestros deportes de renombre mundial en los angeles reciente <a href=\"http://www.zapatillasnikefreerun.es/\" rel=\"nofollow\">nike free run 3</a>  comercial para el público de traer amigos any los angeles exclusiva otoño Nueva Aire Fotos medio, los angeles aparición de sus zapatos en un diseño muy uncomplicated, el cuerpo de zapatos y plantillas hecha casi exclusivamente en el borde delete diseño, sólo los cordones en un diseño de oro más llamativo.<br />\n",
    "PostedDate": "2014-03-02T22:09:50.197-08:00",
    "UserRole": null,
    "MarkedAsAnswerDate": null
  }
]