[
  {
    "Id": "1246836",
    "ThreadId": "545784",
    "Html": "Started throughout 1906 NewBalance Boston, specially for those who feet this development connected with unique shoes and boots. Many around, the fresh Sense of balance Different Balance (NewBalance) the company's commitment that will shoe-making course of action meticulously. Thus far, the almost 100-year brand name, continue to continuing in order to growing technology, advancement with extra ergonomic desk shoes or boots. Today several prosperous business people and also political management love to use the type around the nation and a lot of international locations as being the &quot;President from the working footwear, &quot; &quot;King connected with <a href=\"http://www.nikefreetilbudskodk.com/nike-free-5-0\" rel=\"nofollow\">nike free 5.0</a> operating footwear. &quot; Endorsed take a look at around Cina with THE YEAR 2003. NewBalance since 1906 has been founded throughout Birkenstock boston, will be having your style of making great products, uninterrupted stuff around technological know-how, product or service overall look and also ease keep produce advance. Really the only continuous could be the large standard connected with life values NewBalance, 100% buyer full satisfaction, team spirit with assistance to control, to be able to grow to be high-tech, high- top quality sports and discretion solutions globe innovator.\r<br />\n<br />\nNike is usually an U . s citizens activities items manufacturer, primarily creates hobby boots and shoes, clothing, wearing items, promoting their particular companies, such as <a href=\"http://www.nikefreetilbudskodk.com/nike-free-5-0/nike-free-5-0-dame\" rel=\"nofollow\">nike free 5.0 dame</a>, Air flow Jordan, Nike The game of golf, Workforce Beginner, which often as well as well as the entirely possessed manufacturers Bauer, Cole Haan, Speak, and also Hurley Intercontinental et cetera.\r<br />\n<br />\nThrough 1906 NewBalance mid-foot assist device corporations, to the skilled sporting men and also monitor along with area crew manufacturing sporting activities boots and shoes, and throughout 1972, JamesDavis ordered this production with personal training width, height with going for walks boots and shoes NewBalance two organizations, David. Davis take up a legend, permit <a href=\"http://www.nikefreetilbudskodk.com/nike-free-3-0/nike-free-3-0-dame\" rel=\"nofollow\">nike free 3.0 dame</a> grow to be a mythical main character. NewBalance progression daily. Throughout present day a lot of well-known physical activities legend endorsement of your respective campaign wave, NewBalance possesses usually unmoved, just as U. S. presidents Reagan, Bush, Clinton, Apple company TOP DOG Steve Positions, Microsoft Chairman Charge Entrance are invariably dressed up NewBalance, these types of superstars, small business management will not consciously grow to be the actual brand's faithful admirers, zero wonder NewBalance here's pretty pleased to help &quot;presidential working shoes&quot; alone.\r<br />\n<br />\n<a href=\"http://www.nikefreetilbudskodk.com/nike-free-run-2\" rel=\"nofollow\">nike free run 2</a> is a very competing group. Phil Knight is sometimes quotes seeing that nevertheless 'Business is usually battle devoid of bullets. Nike is known for a healthy and balanced hate with is usually competition. On the Atlanta Olympics, Reebok went to this price with sponsoring the actual online games. Nike failed to. Even so, Nike sponsored the top part some athletes and accumulated beneficial insurance coverage. Nike includes your functionality to help generally reside one particular action some sort of brain of these rivalry. Dominating 20% from the sector, Nike can advance with out positioning significantly be anxious within the other corporations already in the market.\r<br />\n<br />\nNike possesses simply no industrial facilities. It doesn't place upward profit structures along with developing workers. This helps make an extremely lean business. <a href=\"http://www.nikefreetilbudskodk.com/nike-free-run-3\" rel=\"nofollow\">nike free run 3</a> will be formidable on analysis as well as advancement, because can be proved by means of their originating and also modern item array. Many people and then manufacture when they will manufacture prime quality item at the smallest achievable selling price. If rates go up, merchandise may be made far more cheaply anywhere else (to identical as well as greater specification), Nike may switch production.<br />\n",
    "PostedDate": "2014-05-19T00:58:44.62-07:00",
    "UserRole": null,
    "MarkedAsAnswerDate": null
  }
]