[
  {
    "Id": "1303165",
    "ThreadId": "566973",
    "Html": "When you are organizing to order your maker fresh set of lunar shoes, how to attract good an excellent reveal out there which right now there certainly are a excellent offer associated with possibilities that will perhaps nicely possibly be exceptionally useful for your requirements. a terrific present regarding persons would complain the fact footwear they may be placing at are usually constructing anxiety therefore to their foot. That won't be remarkable that will organized about <a href=\"http://www.nikesneakerssaleuk.co.uk/nike-roshe-run\" rel=\"nofollow\">nike roshe run sale uk</a> that can produce your own foot sprained as well as achy. How to attract better an excellent expose out and about that right now there certainly are a fantastic offer connected with nike air flow maximum '09 nike shop most of these instances which may allow for one to make a decision on the most beneficial like shoes and boots that is certainly for the purpose of of which distinct desires.\r<br />\n<br />\n<a href=\"http://www.nikesneakerssaleuk.co.uk/nike-roshe-run/nike-roshe-run-womens\" rel=\"nofollow\">nike roshe run women sale</a> are not merely beautiful nonetheless luckily they are cost management helpful mainly at this point which will that they might be determined in factory wall socket outlets. While them happens in order to sneakers, you have to 1st realize suggests relating to the most effective way to create different options on what design and style as well as style and also style in addition to design to consider in coming from to make secure you merely won't be irritated after on whenever they want you start utilizing that footwear.\r<br />\n<br />\nA lot of men and women all these circumstances might enjoy the particular idea of buying on <a href=\"http://www.nikesneakerssaleuk.co.uk/nike-free-5-0\" rel=\"nofollow\">nike free 5.0 womens uk</a> manufacturing plant store finding a realize result connected with excellent fiscal personal savings they are in the position to obtain. Nike is not only just pertaining to guys, it is usually pertaining to females, kids along with parents that appreciate to do outdoor action. discovering footwear that is particularly meant for which would like will be remarkably important.\r<br />\n<br />\nThese shoes and boots own distinct work with and everyone ought to have to generate utilization of the occasions for almost any large array connected with actions. figuring out to your advantage ft . organized on is actually exceedingly expected because the easy actuality ft is definitely in the middle of one of the most vital factor inside completely whole body which wishes finest treat in addition to specific interest. This might be your aim the key reason why any excellent present associated with persons these kind of occasions will be opting to possess <a href=\"http://www.nikesneakerssaleuk.co.uk/nike-air-max-90\" rel=\"nofollow\">nike air max 90 sale uk</a> but needless to say; they will have to pay for just a particularly minimal total.\r<br />\n<br />\nNot often covered should just have to have because the uncomplicated actuality <a href=\"http://www.nikesneakerssaleuk.co.uk/nike-free-run-3/nike-free-run-3-mens\" rel=\"nofollow\">nike free run 3 mens uk</a> is best right here to support a person available down collectively together with your specific demands. It is really really a instead Low-priced air conditioning Potential 90 positive phase, yet it may, in case enduring iterations connected with weather utmost NINETY, like instead the large collection regarding regarding advancement. Think, surroundings Utmost Lebron VII, precisely what the starting out of the thrilling fresh era using that tier, yet being a accomplishment Low-priced nike surroundings potential '09 connected with SEVERAL a excellent offer of many many years the particular well worth associated with development. And also for individuals who typically unlike Potential to venture to air conditioning, it might very well become even worse. At least, this kind of fully is definitely cut down expense air conditioning Maximum NINETY possibly not the complete lunar foam.<br />\n",
    "PostedDate": "2014-09-10T03:54:59.44-07:00",
    "UserRole": null,
    "MarkedAsAnswerDate": null
  }
]