[
  {
    "Id": "532851",
    "ThreadId": "237583",
    "Html": "\r\n<p><a href=\"http://www.horatioinvestments.com/small-business-investment/\">Small business funding</a>\r\n<a href=\"http://www.bristolletsdoit.co.uk/\">rent property bristol</a> <a href=\"http://www.mysmartercms.co.uk/who-is-it-for/\">\r\nCMS for Graphic Designers</a> <a href=\"http://cms.mysmarterwebsite.co.uk/\">small business websites</a>\r\n<a href=\"http://www.graniteconsulting.com.au/services/permanent-recruitment/\">IT permanent recruitment Melbourne</a></p>\r\n",
    "PostedDate": "2010-12-08T06:17:17.37-08:00",
    "UserRole": null,
    "MarkedAsAnswerDate": null
  },
  {
    "Id": "533349",
    "ThreadId": "237583",
    "Html": "\r\n<p>Investigating spam. A inquiry message has been sent to all contacts from linked websites</p>\r\n",
    "PostedDate": "2010-12-09T04:38:53.82-08:00",
    "UserRole": null,
    "MarkedAsAnswerDate": null
  }
]