[
  {
    "Id": "1340271",
    "ThreadId": "577253",
    "Html": "Given that ancient times, shoes or boots are actually associated with wonderful exterminator dallas to help human beings. prior they were simply just dealt with as a possible object to guard the foot coming from dirt. Nonetheless instances have got evolved these days. Everything as well as period is usually abolish because it has been including in advance of. At present, footwear have become some sort of fashion token for many. Several associated with sneaker creation corporations available similar to Adidas, Reebok, Puma for example. Nonetheless exactly what is an acronym available perhaps these kind of is definitely <a href=\"http://www.nikesoldes-fr.com/\" rel=\"nofollow\">nike air max pas cher</a>.\r<br />\n<br />\nWithin 1964 simply by Bill Bowrman as well as Philip Knight, Nike features certainly not seen returning since that time. The structure which will we view around Nike boots and shoes currently is probably remarkable. Creativity will be the critical for their good results. The following philosophy provides taken all of them in the innovator around sporting activities merchandise plus tools on the earth. By using each transferring calendar year, <a href=\"http://www.nikesoldes-fr.com/nike-roshe-run\" rel=\"nofollow\">nike roshe run pas cher</a> continues forthcoming together with one thing brand new for any shoppers. Nike shoes or boots have become durable. You can function together, visit walking, accomplish gyming several other things. You will discover shoes or boots to get virtually evry hobby. Though Nike footwear usually are charged for a bigger edge nevertheless who seem to probably would not like to disguise little more intended for secure in addition to tough shoes or boots. Right now, Nike in addition has typed in in the industry associated with clothings and equipment. You will find much associated with nike t-shirts, trackpants, health and fitness center purses, unconventional purses, health machines and much more things available. Not alone this particular, your manufacturer is additionally sponsoring common basketball squads including Man utd, FC Barcelona, Arsenal, Juventus as well as a lot more. It might be the actual public backer associated with Nationwide soccer competitors associated with France, Brazil, Netherlands and many others. th most recent announcement in relation to nike is the fact that it has hanging it is post paid having Paralympian Oscar Pistorius following he or she seemed to be accused connected with murdering his girlfriend.\r<br />\n<br />\nNike is additionally a strong NYSE detailed Good fortune 700 firm. <a href=\"http://www.nikesoldes-fr.com/nike-air-max\" rel=\"nofollow\">nike air max 1 pas cher</a> has the benefit of quite a few sub- companies including Umbro, Nike+, Skateboarding, Cole Haan, Weather Jordan and several some others too. With regard to marketing function, Nike continues to be hiring renowned sporting activities personaltites as their brand name ambassadors. Also, Rory Mcllroy continues to be selected as being the brand name ambassador of nike for your year 2013. Nike features found countless good and the bad around their paths with good results. Nonetheless it features get over every one of the obstacles around the means as well as now Nike stages because simply no. ONE PARTICULAR sporting activities brand name. Incorporating to help it is achievement, Nike carries a 38% with the sporting activities footwear industry making it your obvious head. Numerous sporting activities companies have arrive as well as gone. Nevertheless Nike is definitely these to stay for a long time.\r<br />\n<br />\nNonetheless, that surge associated with Zhejiang confidential footwear firm, Zhejiang shoes or boots are the reason for a rising sector talk about inside the every day industry features steadily within the Guangdong, Zhejiang, footwear will also be numerous export. Numerous companies around Zhejiang Confidential <a href=\"http://www.nikesoldes-fr.com/nike-air-max\" rel=\"nofollow\">nike air max 90 pas cher</a> having sneaker industrial facilities throughout Guangdong have got phone, they will learned your shoemaking course of action, is actually nominal cost on the footwear. They want come to be the leading overseas anti dropping footwear zeroed in on, in most cases, Zhejiang sneaker enterprises are actually strike in comparison with big enterprises throughout Guangdong footwear.\r<br />\n<br />\nAltogether, <a href=\"http://www.nikesoldes-fr.com/nike-free\" rel=\"nofollow\">nike free 5.0 pas cher</a> in the overseas substantial promote. Right now, that Americas, European countries, Africa, Asian countries and various areas of the world is able to see China's development associated with boots and shoes. That shoes or boots sector with Portugal, Madeira, Spain, will be the traditional industries, all these states are usually little by little dropping the actual economical benefit throughout foreign real estate markets might be another little bit of territory never would like to discontinue your boots or shoes industry. China manufactured shoes or boots to get low priced, clearly brushed aside by these individuals.<br />\n",
    "PostedDate": "2015-01-08T23:57:06.66-08:00",
    "UserRole": null,
    "MarkedAsAnswerDate": null
  }
]