[
  {
    "Id": "946178",
    "ThreadId": "404378",
    "Html": "\r\n<p>How do I get search engine results programatically?&nbsp; Some search engines use AJAX to display content and so the URL does not change. This makes it difficult to get result content from a search engine programatically.</p>\r\n<p>Most search engines do not use AJAX.&nbsp; But two popular ones that I am interested in is YANDEX and DUCKDUCKGO.&nbsp; Both of these search engines use AJAX to advance beyond the first page of results.&nbsp; How do I find a way to programatically access\r\n these pages?</p>\r\n",
    "PostedDate": "2012-11-23T08:54:29.923-08:00",
    "UserRole": null,
    "MarkedAsAnswerDate": null
  },
  {
    "Id": "1031083",
    "ThreadId": "404378",
    "Html": "Are you talking of something like the Google AJAX Search API?<br />\n",
    "PostedDate": "2013-04-16T05:28:49.837-07:00",
    "UserRole": null,
    "MarkedAsAnswerDate": null
  }
]