[
  {
    "Id": "1328295",
    "ThreadId": "573879",
    "Html": "The 13-year-old gets instantly A's within state-of-the-art cost in Lincoln Heart Classes around Warren. They just made that 8th-grade field hockey company. By simply mowing their the neighborhood yard, Anthony rescued up adequate income to the sneakers she has happen to be fantasizing in relation to. He or she said this individual was shocked Thursday after classes as soon as a mature, even bigger child seized individuals <a href=\"http://www.hotnikekobefr.com/nike-kobe\" rel=\"nofollow\">nike kobe 8 pas cher</a> right off of the foot during MacArthur and Jewett Avenue when he had been running that will their stepfather's property.\r<br />\n<br />\n&quot;Five and also 15 a few moments the idea happened, &quot; reported Anthony. &quot;I ended up being shocked. I was only going for walks after which recently someone grabbed us along with identified us upward, and he or she simply decreased my family onto the particular ground. And then he chose my own ankles as well as took off my personal <a href=\"http://www.hotnikekobefr.com/nike-lebron\" rel=\"nofollow\">nike lebron 11 pas cher</a> and leaped. &quot; His mummy, Janiesa Cupp, spotted him take place house barefoot from the snowfall. &quot;Barefoot. Snowing. The wind. Freezing. He is uttering to my advice, 'My feet, our legs. MY SPOUSE AND I aren't able to look my paws. HA It is really horrifying, &quot; your lady stated. It was before Anthony's brand new going for walks dwelling by college. His or her mom was in remedy following your tough surgery and the woman's car can be broken down. At this point, she has heartbroken to understand what exactly your girlfriend kid received in her individual has been ingested by him.\r<br />\n<br />\n&quot;He will save you and also brings in to the stuff in which he / she has on along with your dog may possess fine issues, that is certainly their thing. Which is their hobby. They would like <a href=\"http://www.hotnikekobefr.com/nike-kd\" rel=\"nofollow\">nike kd pas cher</a>. He loves sports. He really wants to put on fine issues plus your dog operates as it, &quot; reported Janiesa.\r<br />\n<br />\nSome athletes have had mixed outcomes struggling with utilization of their own likeness of which failed to right require the identify. Former UCLA celebrity Erectile dysfunction O'Bannon and the like such as NBA legend Expenses Russell settled a new class-action lawsuit towards EA Sports activities regarding $40 thousand for its us going for their likenesses of their school field hockey mmorpgs. Nevertheless past Cleveland going again Earl Dark brown missing an identical legal action resistant to the very same corporation from a choice that was upheld from a u . s . appeals courtroom.\r<br />\n<br />\nThe shoes or boots, patterned immediately after Kraft’s, is going to be for sale in limited amounts and offered merely with the company’s internet site and also in the Patriots seasoned go shopping around Foxborough plus Nike’s store with Boston. <a href=\"http://www.hotnikekobefr.com/air-jordan\" rel=\"nofollow\">air jordan 4 pas cher</a>, which often requires estimated $3 billion every year at advertising, has not mass-produced any other boot created specifically for any franchise seller like Kraft. Wilkins should declare, even so, that this organization can permit people to search online along with generate their unique trainer style and design, which include incorporating home furniture and also logo with their most desired group.\r<br />\n<br />\nThe center of Kraft, he or she however are not able to pretty feel exactly how you less likely hipster’s collection of footwear — having most of because of value, he’s very little Tom Brady — includes obtained a great deal of awareness. They could possibly request that <a href=\"http://www.hotnikekobefr.com/nike-kd\" rel=\"nofollow\">nike kd 6 pas cher</a> people. Some people understand that playbook properly.<br />\n",
    "PostedDate": "2014-12-02T23:38:34.58-08:00",
    "UserRole": null,
    "MarkedAsAnswerDate": null
  }
]