[
  {
    "Id": "1146825",
    "ThreadId": "481057",
    "Html": "You no longer for you to scout round the nearby mall or maybe any kind of packet and also mortar footwear save as a way to discover the latest <a href=\"http://www.shoesukdeal.com/nike-blazers\" rel=\"nofollow\">nike blazers</a> since these are available on the internet along with a push at a distance.<br />\n<br />\nNike is known to employ a prosperous practical knowledge in providing going boots and shoes plus their particular Potential variation is definitely well-liked submission move company among <a href=\"http://www.shoesukdeal.com/nike-blazers\" rel=\"nofollow\">cheap nike blazers</a>. There are also numerous colorways readily available these types of sequence. The actual 2011 release in the Nike Weather Greatest extent running shoes or boots tend to be continue to running popular despite having the creation of the particular 2012 collection and in addition they likewise have an infinite array of colorways it is possible to select from. Locating the most inexpensive discounts regarding all these sneakers is incredibly simple through the net. In fact, there are numerous internet websites available that happen to be featuring <a href=\"http://www.shoesukdeal.com/\" rel=\"nofollow\">nike shoes uk outlet</a> with very affordable fees, extra affordable than what exactly you will discover around shops.<br />\n<br />\nSince this kind of black-jack shoe makes it possible for your muscle groups within the ft . to obtain electricity by means of delivering much less constriction, sporting men tend to be endorsed that will bit by bit break in to the <a href=\"http://www.shoesukdeal.com/\" rel=\"nofollow\">nike shoes uk sale</a> as an alternative to soon working extended spins around the block as to avoid muscle tissue aches together with different pains, just like known shin splints.<br />\n",
    "PostedDate": "2014-01-03T19:46:55.397-08:00",
    "UserRole": null,
    "MarkedAsAnswerDate": null
  }
]