[
  {
    "Id": "1327559",
    "ThreadId": "573632",
    "Html": "And so any time managed 73-year-old Robert Kraft, billionaire activities company user, come to be some sort of trainer way maven? That will his relationship having awesome, custom-made orthopedic footwear — their guy, foot-sore our seniors can sympathize, without a doubt — generate Pats devotees dash off to to casino shoe save subscribess? Affiliates of Patriots Location, schooled at Tom Brady’s GQ-worthy modeling occupation and Bill Belichick’s hoodie fetish, will certainly rapidly own a chance to respond to using a trend report that belongs to them. Most time of year, Kraft, recognised regarding his smooth pink scarves and also white wine collared t shirts, is wearing some mainly designed low-top shoes. The actual style he’s donned the best — dark-colored by using white-colored soles, some sort of darker <a href=\"http://www.nikeairmaxsale-nl.com/nike-roshe-run\" rel=\"nofollow\">nike roshe run sale</a> “swoosh” down along side it, as well as a New He uk Patriots emblem for the language — were observed on “CBS This specific Morning” and in black-jack shoe financial institution web-sites.<br />\n<br />\nStarting off Monday, Kraft’s below-the-ankle makeover gets perhaps bigger publicity whenever his or her “owner’s model” Nike, christened Patriots Lunar Push JUST ONE, continues on purchase for the public. SOME SORT OF Robert Kraft “owner’s model” <a href=\"http://www.nikeairmaxsale-nl.com/nike-free-5-0\" rel=\"nofollow\">nike free 5.0 dames</a> continues on purchase Wednesday. Captains associated with community include ingested notice, Kraft mentioned.<br />\n<br />\nSOME SORT OF Robert Kraft “owner’s model” <a href=\"http://www.nikeairmaxsale-nl.com/nike-air-max-90\" rel=\"nofollow\">nike air max 90 goedkoop</a> continues on purchase Wednesday. Captains associated with community include ingested notice, Kraft mentioned. Indeed, in the event that experts agree it is the goal, you actually can go around Robert Kraft’s shoes and boots. “It’s simply a entertaining idea that’s blossomed and changed directly into a thing MY SPOUSE AND I didn’t anticipate, ” Kraft mentioned with the meeting. “It undoubtedly wasn’t planned. ” What exactly is planned? For the duration of Sunday’s home video game towards Detroit, the Patriots lessons workforce in addition to nonplaying affiliates can many become outfitted using the kicks.<br />\n<br />\nKraft may be noticed using his / her custom made <a href=\"http://www.nikeairmaxsale-nl.com/nike-air-max-1\" rel=\"nofollow\">nike air max 1 sale</a> virtually all around you, on the sidelines during Gillette Arena to red-carpet situations such as the Oscars and also Grammys. He’s recently been found treading out inside a random world binocular accented using a flaming reddish swoosh, along with within a glittery red-white-and-blue product brought to you to him previous summertime through previous Patriots celebrity Ty Legislation at the induction in the basketball team’s Arena of Fame.<br />\n<br />\nKraft gamely slipped within the bedazzled athletic shoes along with did any a little less-than-funky boogie onstage along with Rules. Pink that has a dreary swoosh in addition to Pats emblem for the language, the newest shoes or boots in the store to get $150. A portion connected with sales will service this Boys and girls Golf equipment connected with Boston, a charitable set up Kraft, that has turned down merchandise endorsements before, was adament when.<br />\n<br />\nKraft says in which steel stars, enterprise tycoons — actually trend mogul Tommy Hilfiger, the Kraft friend — own inquired how some might obtain a binocular. And so, obviously, have several fashion-minded females, as well as Kraft’s steady associate, actress-dancer Ricki Noel Lander, even though for the present time your shoes can come within men’s styles simply. Your shoe’s layout will be both outdated in addition to different, based on <a href=\"http://www.nikeairmaxsale-nl.com/nike-air-max-1\" rel=\"nofollow\">nike air max 1 dames</a> spokesman KeJuan Wilkins. The Lunar Push collection themselves is surely an modified version with the Atmosphere Power product, introduced back 1982 along with considered any “classic” among sneaker addicts.<br />\n",
    "PostedDate": "2014-11-30T22:08:19.04-08:00",
    "UserRole": null,
    "MarkedAsAnswerDate": null
  }
]