[
  {
    "Id": "1146831",
    "ThreadId": "481059",
    "Html": "In case you are ignorant from the <a href=\"http://www.schuheonlinekaufende.com/nike-free-sale.html\" rel=\"nofollow\">nike free sale</a>, exactly what you become together with trainers including this is a shoe of which is just about the greatest on the market today.\r<br />\n<br />\nHigh-precision very hot dagger cutting engineering can be used while in the <a href=\"http://www.schuheonlinekaufende.com/air-max-sale.html\" rel=\"nofollow\">nike air max sale</a> within the external ending with the design that will sporting men increase their own natural activity on the say, in order that this foot or so plus ft . muscle mass find far more workouts. Style and design in the long run, thanks to PHYLITE us going for engineering, adaptable bottoms re-raise, boots and shoes, body mass likewise a lot lowered. In the back heel portion of <a href=\"http://www.schuheonlinekaufende.com/nike-free-sale/nike-free-3-0.html\" rel=\"nofollow\">nike free 3.0</a> artist collection as outlined by this geometric process with the &quot;center connected with pressure&quot; shock location, not having losing the actual freedom in the game play, improved influence battle inside place.\r<br />\n<br />\nWhenever you applied these kind of shoes intended for the first time, you might become impressed for the reason that are very support, relaxed plus light and portable. POST usually highly recommend <a href=\"http://www.schuheonlinekaufende.com/air-max-sale/nike-air-max-1.html\" rel=\"nofollow\">nike air max 1</a> proper does anyone want to buy a incredibly great working sneaker. The shoe may defend the legs adequately in addition to it is possible to own in ease and comfort and type.<br />\n",
    "PostedDate": "2014-01-03T21:07:22.687-08:00",
    "UserRole": null,
    "MarkedAsAnswerDate": null
  }
]