[
  {
    "Id": "1253637",
    "ThreadId": "547750",
    "Html": "In the event that you would like to the unique athletics sneakers, check out available your <a href=\"http://www.nikekobeonlineforsale.com/\" rel=\"nofollow\">nike kd 6 for sale</a>. This kind of casino shoe would mean traditional layout and includes a realistic, that will means ease together with a long term casino shoe lifestyle. The actual footwear features your stain-proof in addition to water-proof household leather -based full system along with a new 360' lacing approach having eyelets for virtually any safeguarded assess to be able to in addition to clever glance. The Nike Jordan shoes together with an effect ingesting EVA heel mug, leather footbed along with arc assistance, along with full-grain buckskin sock lining that has storage foam blankets.\r<br />\n<br />\nRegarding a couple activities <a href=\"http://www.nikekobeonlineforsale.com/\" rel=\"nofollow\">nike kd vi for sale</a> that will promote your wardrobe, consider an investigation from the Air Jordans footwear. that is really some sort of males black-jack shoe which includes fluffy, guarded straps connected with leather-based forming. The straps include material highlights in type of that sequence as well as gunmetal buckle. That sophisticated footwear is accessible in a good unbelievably extensive various interesting colours for instance metalic, rare metal, plus charcoal.\r<br />\n<br />\nConsider Air Jordan for virtually any couple of whitened Jordan 10 shoes and boots. The <a href=\"http://www.nikekobeonlineforsale.com/nike-kobe-bryant/nike-kobe-8\" rel=\"nofollow\">nike kobe 8 for sale</a> undoubtedly are a couple employing a leather-based top plus stripe body. Your casino shoe provides a great flexible back strap using a buckle closure, some sort of woven wedge, lightly padded insole, some sort of well-crafted man-made exclusive.\r<br />\n<br />\nThe best <a href=\"http://www.nikekobeonlineforsale.com/nike-lebron/nike-lebron-11\" rel=\"nofollow\">nike lebron 11 for sale</a> to get field hockey are flirty boots and shoes that should move actually adequately each and every other together with your regular clothing. Your shoes and boots possess a leather-based top, A system using a some your back heel, two times strap go by using adjustable buckle closure, as well as a delicately padded insole.\r<br />\n<br />\nActivity footwear will be accessible in an very volume of models, material, as well as components. athletics hobby sneakers may possibly accordingly be decided on with the multitude of solutions with whitened: coming from beautiful light source footwear with light only, or even gentle shoes and boots having metal salt buckles and also colored only. Have on a person's Jordan Weather Jordan sneakers using style and design and also self-belief. You will be specific to homework superb!<br />\n",
    "PostedDate": "2014-06-06T02:28:11.983-07:00",
    "UserRole": null,
    "MarkedAsAnswerDate": null
  }
]