[
  {
    "Id": "637949",
    "ThreadId": "264050",
    "Html": "<p>Hello all,</p>\n<p>I'm new to the forum and to blogengine.net and i'm currently constructing a website for a charity event. All is going smoothly apart from one thing; the blog appears on every additional page i've created! Its using the standard theme, I cant find the code  which causes this. How do I make each page static? I can provide any other information you may need.</p>\n<p>I've obviously already searched the site as well as google but surprisingly I couldn't find an answer!</p>\n<p>Thanks in advance</p>\n<p>Dave</p>",
    "PostedDate": "2011-07-06T01:30:17.5-07:00",
    "UserRole": null,
    "MarkedAsAnswerDate": null
  },
  {
    "Id": "758283",
    "ThreadId": "264050",
    "Html": "<p>Hi,</p>\n<p>Try this http://codex.wordpress.org/Codex:Community_Portal i think i came across with your problem last month, and there's some people in this community that might had the solutions. and try to simplify your Google search, or instead of searching try to  email directly admin and moderator. hope this help you.</p>\n<p>I'm a hobbyist of <a href=\"http://www.model-train-help.com/\">model trains</a> and <a href=\"http://www.model-train-help.com/more-testimonials.html\">model railroading</a> i enjoyed working on <a href=\"http://www.model-train-help.com/\"> model train layouts</a>. thanks</p>",
    "PostedDate": "2012-02-12T00:01:25.947-08:00",
    "UserRole": null,
    "MarkedAsAnswerDate": null
  },
  {
    "Id": "1025376",
    "ThreadId": "264050",
    "Html": "You may have used the same code of your blog on every page thus it is showing up on all the pages of your blog.<br />\n",
    "PostedDate": "2013-04-04T06:32:07.767-07:00",
    "UserRole": null,
    "MarkedAsAnswerDate": null
  }
]