[
  {
    "Id": "1328292",
    "ThreadId": "573877",
    "Html": "While using copy connected with yet another one of his or her silhouettes within ‘Digi Camo’ seems like that Bo Jackson features technically removed auto. These times this Nike Air Instructor SC II can be presented the particular forage-friendly colorway although all of us aren’t sure in the event auto is definitely theoretically his pastime at this point prohibited pretty satisfied that will <a href=\"http://www.airmaxnikedam.com/nike-air-max\" rel=\"nofollow\">nike air max billigt</a> views the idea match for you to pepper the actual print towards his shoes or boots. This Nike Air Instructor SC II will always be with casino shoe and in addition they do some sort of stellar position with coloring obstructing here such as relegating your ‘Digi Camo’ offline on the midsole and also providing that a new periodontal outsole. For the other top faded olive nubuck acts as the bottom as well as decorations are available comprising black leather-based along with the lemon quilted ankle back of the shirt. These have got come up through during Kinetics throughout Tokyo nonetheless it’s been recently fairly silent concerning info on the US release. Hopefully they’ll pop-up on sellers quickly.\r<br />\n<br />\nNUREYEV AND ALSO Baryshnikov were among the dance-themed referrals regarding Tomas Maier ’s springtime 2015 <a href=\"http://www.airmaxnikedam.com/nike-air-max/nike-air-max-90\" rel=\"nofollow\">nike air max 90 rea</a> series with regard to Bottega Veneta. This designer’s perspective of the people balletic gentlemen required sort throughout slouchy baby-blue knit tights in addition to shell-pink shorts meets. Quite simply, the amount of portions that will create magazine editors intensely receive notes—dance would likely come out as one of many season’s trends—but could possibly be the tough offer towards your regular person.\r<br />\n<br />\nIf Mr. Maier designed his or her bow, even so, it was before some other account. Your male while using razor-sharp layout thoughts applied a superbly rumpled, olive-drab Relwen freight tank top, medium-fade Levi’s along with basic african american <a href=\"http://www.airmaxnikedam.com/nike-air-max/nike-air-max-90\" rel=\"nofollow\">nike air max 90 dam</a>.\r<br />\n<br />\nTrend insiders whom push colourful, out-there styles although dress yourself in <a href=\"http://www.airmaxnikedam.com/nike-air-max/nike-air-max-90\" rel=\"nofollow\">nike air max 90 billigt</a> yourself? The theory isn’t different. However the attire donned backstage or powering the photographic camera might seem more applicable when compared with previously, granted your trend of Normcore plus a common passion regarding less of-the-moment portions. In particular if individuals discreet shirts as well as pants think you are picked by means of people who have a encyclopedic understanding of clothing along with an eye fixed to get efficiency. Quite a few consumers trying to find style tips could be keen that will be aware this Vogue Paris Manager inside Key Emmanuelle Alt has on Topshop’s slim Baxter denim jeans or maybe that will Proenza Schouler’s Jack McCollough can be just a few with a particular denim tank top coming from Swedish content label Acne breakouts Studios.\r<br />\n<br />\nProduct Caroline p Maigret —who generally plays muse for you to Karl Lagerfeld—could possibly don <a href=\"http://www.airmaxnikedam.com/nike-air-max/nike-air-max-2014\" rel=\"nofollow\">nike air max 2014 dam</a> everyday of the 1 week in the event your lover preferred. Rather the girl adheres to your tight diet plan connected with fashionable Levi’s, white wine Zits T-shirts, Blazé blazers plus a black leather-based motorbike jacket through BLK DNM or Schott NYC. “It’s not necessarily regarding trends, ” reported Ms. de Maigret, exactly who not long ago co-wrote the actual publication “How to become Parisian When You are: Really like, Style and also Harmful Habits” (Doubleday). “It’s far more about finding the right types that you could carry on you as time passes. ” The truth is, Microsoft. p Maigret can make hard work in avoiding the popular appear of the months. “If there’s the army direction, I’ll fit my military-feeling clothing within the filing cabinet then make it possible for these available 2 yrs afterwards, ” your lady said.<br />\n",
    "PostedDate": "2014-12-02T23:27:23.25-08:00",
    "UserRole": null,
    "MarkedAsAnswerDate": null
  }
]