[
  {
    "Id": "1214633",
    "ThreadId": "535386",
    "Html": "Hi All,\r<br />\nPlease someone look into the below mentioned issue.\r<br />\n<br />\nThe problem is with IE10 browser.<br />\nwe assigning a JSon string value into a variable. \r<br />\n(var listArray = eval(listItemCollectionJSONString);). But while taking listArray.length in IE 10 it returns actual length-1. So in populating the list into a listbox the listitem-1 only able to view.\r<br />\nWhile open the arraylist variable we can see an unwanted item (Prototype Array). In \r<br />\nIE 9 this problem doesn't seem. \r<br />\n<br />\nRegards,\r<br />\nSaju.<br />\n",
    "PostedDate": "2014-02-25T08:16:42.773-08:00",
    "UserRole": null,
    "MarkedAsAnswerDate": null
  }
]