[
  {
    "Id": "1315865",
    "ThreadId": "570469",
    "Html": "<a href=\"http://www.nikebaratasonline.com/\" rel=\"nofollow\">nike store outlet</a> can be found in lots of styles and they are some sort of certainly among Nikes a lot of greatly published and quite a few favorite shoe products. The scientific explanation for his or her popularity is actually uncomplicated: Weather Power Versions tend to be one of the most beautiful, cozy in addition to ergonomically accurate wearing shoes and boots that you can buy in so doing usually are growing within acceptance everday. Air conditioning Power Versions provide convenience in addition to model for house functions still shift up to intense outdoor routines pretty much seamlessly.\r<br />\n<br />\n<a href=\"http://www.nikebaratasonline.com/\" rel=\"nofollow\">nike outlet online</a> tend to be widely available within a good too much to handle variety of styles, shades, plus shapes. You are able to acquire these folks low-top, high-top, also mid-top, in steel, white-on-white, black-on-black, natural ring tones, vivid colorings, or maybe eye-catching shapes. Nike Air conditioning technologies appeared to be first attached to Air conditioning Drive Types approach back 1982, building Air conditioning Pressure Versions one of the most wonderful models ever before to get given in the Nike factories. The following technologies continues to used, at the same time up to date, to provide Air conditioning Drive Types that qualities which will cause the final word degree of help support intended for both ladies and men who would like good model, anatomically exact assist, and superlative healthy using their boots or shoes.\r<br />\n<br />\nLoads of will state which <a href=\"http://www.nikebaratasonline.com/nike-free-1/nike-free-5-0\" rel=\"nofollow\">nike free 5.0 baratas</a> would be the most original as well as attractive trainer at any time fashioned. On this adhere to, it is correct that many custom made showing off boot developers utilize the Weather Drive Kinds to be a basic for any fresh layout and also coloration configuration. Nike may be the traditional market boss in relation to making superlative shoes or boots for any sports market, and today additionally this specific established command, the organization incorporates a global consumer base which prefer Nike seeing that daily footwear also.\r<br />\n<br />\nAlmost all age range include preferred as well as pursue to pick out <a href=\"http://www.nikebaratasonline.com/nike-air-max/nike-air-max-90\" rel=\"nofollow\">nike air max 90 baratas</a> not simply therefore to their superlative excellent, and also for a peer rank symbol. It really is visible inside virtually any state on this planet in which while you are viewed donning Nike Weather Drive Kinds, that you're established to get donning the most beneficial trainers accessible wherever.\r<br />\n<br />\nIt will be important for your buyer to be able to demand as well as validate that they obtain unique <a href=\"http://www.nikebaratasonline.com/nike-air-max\" rel=\"nofollow\">nike air max baratas</a>. Invest in only real Nikes! Just be sure you tend to be shelling out your own funds limited to that Nike authorized and also reliable Weather Drive Kinds, as cheap Air conditioning Power Kinds are frequently awful high quality counterfeit topple offs. Especially keep in mind sources which lay claim you'll be able to obtain Air Force Versions wholesale, as they normally are scammers. The one Air conditioning Power The first is any effectively Nike branded sneaker!\r<br />\n<br />\nUrban garments graphic designers right now tend to be concentrating their particular particular attention at Creation X. Era X is really a additional intelligent target audience throughout they've used way makers most effective works of art only to help selection as well as coordinate these individuals as well as help make these their very own. Even though bohemian chic along with the grunge seem appeared to be employed for some time now through urban X’s to be a tool with politics along with rebellion, this specific team is actually since the truth soul connected with trend is not only just with regards to stopping guidelines to the reasons regarding it nevertheless checking out the way the protocols can certainly depend on the best way some people seem to be on their own on the planet. The following collection is actually requesting the best way they'll exhibit their personality.<br />\n",
    "PostedDate": "2014-10-22T19:55:58.43-07:00",
    "UserRole": null,
    "MarkedAsAnswerDate": null
  }
]