[
  {
    "Id": "1433443",
    "ThreadId": "641038",
    "Html": "<a href=\"http://www.okwarbirds.com/forum/bridges-of-love-tv-show/\" rel=\"nofollow\"><img src=\"![Image](http://i.imgur.com/sPzqGuV.gif)\" alt=\"Image\" /></a>\r<br />\n<br />\n<br />\n((FULL HD)) BRIDGES OF LOVE July 7, 2015 7/7/2015 Episode, dailymotion, Full Replay,\r<br />\n<br />\nBRIDGES OF LOVE July 7, 2015 Teaser - YouTube\r<br />\nVideo for bridges of love july 7 2015▶ 0:31\r<br />\n.youtube.com/wa   tch?v=vnDwVWd7I4w\r<br />\n1 day ago - Uploaded by ABS-CBN Entertainment\r<br />\nSubscribe to the ABS-CBN Onl   ine channel! - ://bit.ly/ABSCBNOnl   ine. Visit our official website! :// ...\r<br />\nImages for bridges of love july 7 2015Report images<br />\n<pre><code>Image result for bridges of love july 7 2015\nImage result for bridges of love july 7 2015\nImage result for bridges of love july 7 2015\n7 hours ago\nImage result for bridges of love july 7 2015\n</code></pre>\n\nMore images for bridges of love july 7 2015\r<br />\nBridges of Love July 7, 2015 HD | Pinoy HD Replay\r<br />\n.pinoyhdreplay.net/2015/.../bridges-of-love-july-...\r<br />\nTranslate this page\r<br />\n13 hours ago - Bridges of Love July 7 2015 Replay A story like no other, which shares the tale of two brothers, Gael and Carlos.\r<br />\nBridges of Love July 6 2015 Full Episode - OFW ...\r<br />\n.teleserye.tv/bridges-of-love-july-6-2015-full-epi...\r<br />\nTranslate this page\r<br />\n1 day ago - Bridges of Love July 6 2015 Full Episode is a 2015 Philippine soap opera ... and Maja Salvador Wa   tch Bridges of Love March 27, 2015 Full Episode ... 24 Oras July 7 2015 Full Episode • TV Patrol World July 7 2015 Full ...\r<br />\n[[HD]] Bridges of Love July 07, 2015, Replay, Episode 07-07-2015\r<br />\ngunwars.org/community/showthread.php?tid=27930\r<br />\n10 hours ago - Bridges of Love July 07, 2015, Episode Bridges of Love 07-07-2015. BRIDGES OF LOVE July 7, 2015 Teaser - YouTube. Video for Bridges of ...\r<br />\nBridges of Love July 7 2015 Full Episode - OFW ...\r<br />\n.teleserye.tv/bridges-of-love-july-7-2015-full-epi...\r<br />\nTranslate this page\r<br />\n7 hours ago - Bridges of Love July 7 2015 Full Episode is a 2015 Philippine soap opera television series directed by Dado C. Lumibao, Richard V. Somes ...\r<br />\nBridges of Love July 7 2015 — Pinoy Tambayan | Wa   tch ...\r<br />\npinoy-ako-tv.com/bridges-of-love-july-7-2015/\r<br />\n7 hours ago - Pinoy Tambayan » Wa   tch Bridges of Love July 7 2015 Full Episode Replay of Pinoy TV Shows Replay Onl   ine from gma 7 teleserye , tv 5 and ...\r<br />\nFull-Video) Bridges of Love July 7 2015 Episode Full Replay ...\r<br />\ns://.facebook.com/...Bridges-of-Love-July-7-2015.../66002562...\r<br />\nFull-Video) Bridges of Love July 7 2015 Episode Full Replay is on Facebook. To connect with Full-Video) Bridges of Love July 7 2015 Episode Full Replay, sign ...\r<br />\nBridges of Love July 7 2015 Replay Full Episode | Pinoy ...\t\r<br />\n.teleph.info › Bridges of Love\r<br />\n14 hours ago - pinoy teleserye replay can't wait to wa   tch these series Bridges of Love July 7 2015 Full Replay. Videos are Embedded from Youtube.com, ...\r<br />\nBRIDGES OF LOVE - JULY 6, 2015 FULL EPISODE - Video ...\r<br />\nVideo for bridges of love july 7 2015▶ 0:22\r<br />\n.dailymotion.com/.../x2at_bridges-of-love-j...\r<br />\n1 day ago\r<br />\nBRIDGES OF LOVE - JULY 6, 2015 FULL EPISODE ... JUNE JULY (1 2 3 4 5 6 7 8 9 10 11 12 13 14 15 16 ...\r<br />\nGPT | Bridges Of Love – July 6, 2015\r<br />\ngopinoytv.com/wa   tch/bridges-of-love-july-6-2015.html\r<br />\n23 hours ago - Bridges of Love is a soap opera television series directed by Dado C. ... Bridges Of Love – July 7, 2015 • Bridges Of Love – July 3, 2015 ...<br />\n",
    "PostedDate": "2015-07-07T14:50:54.58-07:00",
    "UserRole": null,
    "MarkedAsAnswerDate": null
  }
]