[
  {
    "Id": "1222656",
    "ThreadId": "538979",
    "Html": "This is not a shocking news : Kobe Bryant of the 2013-14 season to end because of injury claims . Local time on March 12 , the Lakers and Kobe Bryant official (microblogging ) I have issued a formal statement , Bryant's first 18 NBA ( microblogging ) season appearances stay in six games . 76 absences war , which is naturally Bryant played the fewest of the season , before he missed the most was the 2003-04 season , when he missed 17 field goals . For Bryant , it is indeed worth a year to forget . He played in six games , three games scoring only 10 games, averaging 13.8 points is the lowest since his rookie season . <a href=\"&quot;http://www.campix.co.uk/\" rel=\"nofollow\">cheap nike air max uk</a>   Too few appearances this season , Bryant seriously slowed the pace to catch up with Kareem Abdul-Jabbar , he still lags behind the current &quot;sky hook&quot; 6688 points if the rest of his career, averaged 20 points , also need to 2018-19 season in order to become NBA history in scoring. These figures certainly awkward , but the most sad Bryant , or the performance of his team is really <a href=\"http://www.campix.co.uk/\" rel=\"nofollow\">cheap nike air max uk</a>   bad. \r<br />\n<br />\nBryant farewell to this day , the Lakers record is 22 wins and 42 losses, the western <a href=\"http://www.campix.co.uk/nike-air-max-1-c-24/\" rel=\"nofollow\">nike air max 1 uk sale</a> penultimate , penultimate league 6 . This will be the first time since the Lakers missed the playoffs in 2005 , the worst record of 34.4% if the winning end of the current season , they will create after the team moved to Los Angeles . In announcing farewell news conference of the season , Bryant made ​​no secret of the Lakers score dissatisfaction , &quot;Every time I go home ballpark , my feeling is that I want to kill my soon to be really crazy , I at every critical point , I feel ashamed , shame is more strongly felt than everyone the team . team in the history of the past, we are only playing for the championship , and anything else a failure when I came here, Jerry ( West ) told me to say that , so what I think . &quot; before rumors that Bryant had management expressed dissatisfaction Dante Ni , the press conference , he also made ​​no secret of Phil Jackson 's Lakers missed sorry , &quot; I find it difficult to understand how such a thing would happen twice .&quot; so, what will happen next season ? Bryant said : . &quot; If I said I would return to my peak , surely someone will say I'm crazy, but it would be so ,&quot; Lakers trainer Gary Vitti said: . &quot; He needs now is the time he had the whole offseason to recover and be ready at the start of next season , he will return to one hundred <a href=\"http://www.campix.co.uk/nike-air-max-1-c-24\" rel=\"nofollow\">nike air max 1 uk sale</a> percent . &quot;<br />\n",
    "PostedDate": "2014-03-14T01:27:57.34-07:00",
    "UserRole": null,
    "MarkedAsAnswerDate": null
  }
]