[
  {
    "Id": "1442226",
    "ThreadId": "644311",
    "Html": "Hello,\r<br />\n<br />\nI have problems connecting to local mdf database. I'm using VS2012 Express. Below is connection string:<br />\n<pre><code>&lt;add name=&quot;CompanyDataConnectionString&quot;\n  connectionString=&quot;Data Source=(LocalDB)\\v11.0;AttachDbFilename=|DataDirectory|\\MyDatabase.mdf;Integrated Security=True;Connect Timeout=30;Provider=SQLOLEDB&quot;\n  providerName=&quot;System.Data.SqlClient&quot; /&gt;\n</code></pre>\n\nAnd here is the error:\r<br />\n<br />\nSystem.Data.OleDb.OleDbException was unhandled by user code\r<br />\n  Message=No error message available, result code: DB_E_ERRORSOCCURRED(0x80040E21).\r<br />\n  Source=System.Data\r<br />\n  ErrorCode=-2147217887\r<br />\n  StackTrace:<br />\n<pre><code>   at System.Data.OleDb.OleDbConnectionInternal..ctor(OleDbConnectionString constr, OleDbConnection connection)\n   at System.Data.OleDb.OleDbConnectionFactory.CreateConnection(DbConnectionOptions options, Object poolGroupProviderInfo, DbConnectionPool pool, DbConnection owningObject)\n   at System.Data.ProviderBase.DbConnectionFactory.CreateNonPooledConnection(DbConnection owningConnection, DbConnectionPoolGroup poolGroup)\n   at System.Data.ProviderBase.DbConnectionFactory.GetConnection(DbConnection owningConnection)\n   at System.Data.ProviderBase.DbConnectionClosed.OpenConnection(DbConnection outerConnection, DbConnectionFactory connectionFactory)\n   at System.Data.OleDb.OleDbConnection.Open()\n   at Geekees.Common.Controls.Demo.ASTreeViewDemo6.bsearch_OnClick(Object sender, EventArgs e) in d:\\bogomil\\local\\2\\Samples\\Geekees.Common.Controls.Demo\\ASTreeViewDemo6.aspx.cs:line 55\n   at System.Web.UI.WebControls.Button.OnClick(EventArgs e)\n   at System.Web.UI.WebControls.Button.RaisePostBackEvent(String eventArgument)\n   at System.Web.UI.WebControls.Button.System.Web.UI.IPostBackEventHandler.RaisePostBackEvent(String eventArgument)\n   at System.Web.UI.Page.RaisePostBackEvent(IPostBackEventHandler sourceControl, String eventArgument)\n   at System.Web.UI.Page.RaisePostBackEvent(NameValueCollection postData)\n   at System.Web.UI.Page.ProcessRequestMain(Boolean includeStagesBeforeAsyncPoint, Boolean includeStagesAfterAsyncPoint)</code></pre>\n\nInnerException:\r<br />\n<br />\nI'm using SQL Server 2012, windows authentication. Or you can try to show me how to connect directly to SQL Server database. Any solution is welcome.\r<br />\n<br />\nThanks<br />\n",
    "PostedDate": "2015-08-27T19:39:16.633-07:00",
    "UserRole": null,
    "MarkedAsAnswerDate": null
  },
  {
    "Id": "1442240",
    "ThreadId": "644311",
    "Html": "Solved<br />\n<pre><code>&lt;add name=&quot;DBInfoCityConnectionString1&quot; connectionString=&quot;Provider=SQLNCLI11;Server=.\\SQLExpress;AttachDbFilename=|DataDirectory|MyDatabase.mdf;Trusted_Connection=Yes;&quot; /&gt;</code></pre>\n\n",
    "PostedDate": "2015-08-27T23:54:59.907-07:00",
    "UserRole": null,
    "MarkedAsAnswerDate": null
  }
]