[
  {
    "Id": "1146832",
    "ThreadId": "481060",
    "Html": "<a href=\"http://www.billigenikeskodk.com/\" rel=\"nofollow\">nike sko dame</a> is different since it provides a unique design integrating innovative technology that products barefoot managing technicians even though even now using boots and shoes.\r<br />\n<br />\nWhen <a href=\"http://www.billigenikeskodk.com/\" rel=\"nofollow\">nike sko herre</a> get you thrilled, then you definitely need to search for just one which includes colorways you desire. There's a wide range connected with colorations you possibly can buy like Royal orange, black/red, black/white, dim red/black, dim red/white, bulan/black, carbon gray/purple, dark gray/green or anything else. These types of sneakers are intended intended for individuals in addition to you'll find any coloring combination that could accentuate entire sports clothes. Other than <a href=\"http://www.billigenikeskodk.com/\" rel=\"nofollow\">nike sko danmark</a> for both males and females can be accessible and they also appear in wide selection of colors as well. They're just variable, light and can guard you it doesn't matter what go everyone make as a consequence of it is one of a kind in addition to eye-catching development.\r<br />\n<br />\nBy way of browsing the site, it is possible to check through a great deal of new <a href=\"http://www.billigenikeskodk.com/\" rel=\"nofollow\">billige nike sko</a> overall colours in addition to styles. Coursesmart delivers just about all styles, hues as well as variations which healthy ones preference. You are able to purchase through the internet site in your credit card or maybe PayPal accounts. By simply going to the website, it is possible to check on various prices which in good shape your current bank account.<br />\n",
    "PostedDate": "2014-01-03T21:12:26.987-08:00",
    "UserRole": null,
    "MarkedAsAnswerDate": null
  }
]