[
  {
    "Id": "1244689",
    "ThreadId": "545169",
    "Html": "If you are looking for a considerable number of pretty high-quality fashion accessories over the span associated with content Brand-new Year 2011, let's allow you to cleaned that will <a href=\"http://www.nikezapatos2014.com/nike-free-3-0\" rel=\"nofollow\">nike free 3.0</a> is a premiums selection for you through virtually any suggests because they are characteristically regarded thus to their a lot of unsullied plus unblemished layouts everywhere in the universe. As a result they have develop into astonishingly common fashions these days. They're very delightful as well as soothing footwear. They're enormously inimitable, modern, multi-colored and also enthralling accessories for each juvenile ladies and guys throughout the world. Probably the most important attributes regarding the Nike weather Jordan is always that that they block off extremely ranking and beguiling emblem design. Many people preserve put of personalized company logo styles. On the subject of your thematic expressions, they need immensely attention-grabbing expressions. Many people block off very pristine surfaces. Much more substantially, they need marvelously unparalleled coloring impressions, hooking your current sight immediately. Although there are actually footwear but <a href=\"http://www.nikezapatos2014.com/nike-free-5-0\" rel=\"nofollow\">nike free 5.0</a> may be the greatest shoe versus the whole lot today. Because of of which truth, online boot community gives you different Nike footwear styles.\r<br />\n<br />\nUnexpectedly they're extremely modish kinds of footwear gadgets as they definitely not simply assist you in enhancing in place your current connections but assist you in growing your vigor within a faultless approach. Yet another the majority of impressive sort of advantage of applying <a href=\"http://www.nikezapatos2014.com/nike-air-max-1\" rel=\"nofollow\">nike air max 1</a> is always that they'd result in a impressive spark into ones souls within a chronic fashion. Additionally they are generally this sort of attractive towards eyesight along with polished boots and shoes by utilizing for you to them you will end up definitely ready besides to further improve up your own normal velocity plus staying power but minimize the psychological kind at once.\r<br />\n<br />\nEven more they would definitely assist you in restoring a person's jumping rate the natural way. Additionally they're incredibly the best quality and brilliant accessories with the skateboarding buffs. On the subject of your boxing fans, many people generally do it for a significant resource. As far as cricket is concerned; they usually are as well employed for a most important assist. Future <a href=\"http://www.nikezapatos2014.com/nike-air-max-90\" rel=\"nofollow\">nike air max 90</a> usually are too particularly contented accessories for your hockey online players all over the globe. Even more Nike rushing works extremely well during the specific sport competitive events.\r<br />\n<br />\nAs well as, we are able to declare likely marvelously eye-catching, attractive towards attention, ingenious, adept, dependable as well as cost-effective sneakers on earth these days. This is why online footwear sector gives you highly trustworthy and economical <a href=\"http://www.nikezapatos2014.com/nike-free-run-2\" rel=\"nofollow\">nike free run 2</a> throughout the world in a very spectacular searching manner. And so when you are located, you need to hurry as long as get affordable Nike weather Jordan 2011 via on the net shoe corporation right away.<br />\n",
    "PostedDate": "2014-05-13T00:28:23.27-07:00",
    "UserRole": null,
    "MarkedAsAnswerDate": null
  }
]