[
  {
    "Id": "532879",
    "ThreadId": "237589",
    "Html": "\r\n<p><a href=\"http://joelmartin.ws/page4.html\">top home based business</a> <a href=\"http://joelmartin.ws/page6.html\">\r\ntop home based business ideas</a> <a href=\"http://joelmartin.ws/articles/top-home-based-business\">\r\ntop home based business opportunities</a> <a href=\"http://homebusinessblog.ws\">top home based business ideas blog</a>\r\n<a href=\"http://joelmartin.ws\">home based business ideas</a></p>\r\n",
    "PostedDate": "2010-12-08T06:57:31.58-08:00",
    "UserRole": null,
    "MarkedAsAnswerDate": null
  },
  {
    "Id": "533348",
    "ThreadId": "237589",
    "Html": "\r\n<p>Investigating spam. A inquiry message has been sent to all contacts from linked websites</p>\r\n",
    "PostedDate": "2010-12-09T04:38:16.473-08:00",
    "UserRole": null,
    "MarkedAsAnswerDate": null
  }
]