[
  {
    "Id": "237167",
    "Title": "IMPORTANT: SPAM ADVICE",
    "LatestDate": "2010-12-04T18:46:01.457-08:00"
  },
  {
    "Id": "237412",
    "Title": "billyng2570",
    "LatestDate": "2010-12-07T13:24:33.353-08:00"
  },
  {
    "Id": "237583",
    "Title": "jamesdan2604",
    "LatestDate": "2010-12-09T04:38:53.82-08:00"
  },
  {
    "Id": "237589",
    "Title": "jmartin2595",
    "LatestDate": "2010-12-09T04:38:16.473-08:00"
  },
  {
    "Id": "237720",
    "Title": "ludpoint2605",
    "LatestDate": "2010-12-09T04:37:55.863-08:00"
  },
  {
    "Id": "259712",
    "Title": "email notification support!",
    "LatestDate": "2012-02-06T21:49:57.81-08:00"
  },
  {
    "Id": "264050",
    "Title": "The blog appears on every page!",
    "LatestDate": "2013-04-04T06:32:07.767-07:00"
  },
  {
    "Id": "272682",
    "Title": "Ajax class is Undefined",
    "LatestDate": "2012-01-11T15:39:12.85-08:00"
  },
  {
    "Id": "282187",
    "Title": "Strange problems with client side script",
    "LatestDate": "2011-12-07T13:28:23.903-08:00"
  },
  {
    "Id": "285816",
    "Title": "[WPF] Can user change points on charts and graphs visually with mouse",
    "LatestDate": "2012-01-11T15:38:09.317-08:00"
  },
  {
    "Id": "290244",
    "Title": "(400) Bad Request. In Silverlight",
    "LatestDate": "2012-02-02T02:23:31.657-08:00"
  },
  {
    "Id": "306426",
    "Title": "for New York and he should ",
    "LatestDate": "2012-02-10T20:37:02.957-08:00"
  },
  {
    "Id": "306431",
    "Title": "recipe. It worked ",
    "LatestDate": "2012-02-10T20:38:00.753-08:00"
  },
  {
    "Id": "306434",
    "Title": "When I cleaned out my ",
    "LatestDate": "2012-02-10T20:38:40.547-08:00"
  },
  {
    "Id": "350019",
    "Title": "Graphics (GUI)",
    "LatestDate": "2012-09-15T04:51:24.82-07:00"
  },
  {
    "Id": "399000",
    "Title": "AJAX Controls Not Working On Deployment Server - PLEASE HELP!!",
    "LatestDate": "2013-04-04T06:20:25.58-07:00"
  },
  {
    "Id": "402526",
    "Title": "free sms gateway for .Net client",
    "LatestDate": "2013-04-04T06:26:54.283-07:00"
  },
  {
    "Id": "404378",
    "Title": "How do I get search engine results programatically?",
    "LatestDate": "2013-04-16T05:28:49.837-07:00"
  },
  {
    "Id": "431617",
    "Title": "Orchard.UI.Resources.RequireSettings displayed when adding jquery",
    "LatestDate": "2015-07-21T08:51:07.307-07:00"
  },
  {
    "Id": "431874",
    "Title": "New Category",
    "LatestDate": "2013-04-17T05:37:34.403-07:00"
  },
  {
    "Id": "434198",
    "Title": "Kitchens Derby",
    "LatestDate": "2013-02-22T20:32:50.21-08:00"
  },
  {
    "Id": "446265",
    "Title": "How to create a bootable endpoing scanning USB thumb drive for windows",
    "LatestDate": "2013-06-06T15:00:21.883-07:00"
  },
  {
    "Id": "449678",
    "Title": "A survey on mobile software productivity",
    "LatestDate": "2013-07-11T05:42:19.34-07:00"
  },
  {
    "Id": "454716",
    "Title": "Kitchen Planners Online",
    "LatestDate": "2013-08-27T19:11:51.513-07:00"
  },
  {
    "Id": "455233",
    "Title": "This project has stopped development since 2010?",
    "LatestDate": "2013-09-03T00:58:31.703-07:00"
  },
  {
    "Id": "459427",
    "Title": "Help with Bluetooth Connection",
    "LatestDate": "2013-09-27T01:09:24.493-07:00"
  },
  {
    "Id": "463259",
    "Title": "PLEASE Help on ToolkitScriptManager & UpdatePanel",
    "LatestDate": "2014-01-10T02:52:17.893-08:00"
  },
  {
    "Id": "471707",
    "Title": "Please helip AjaxToolKit Editor error Please very urgent Ajax toolkit ver 4.00 ",
    "LatestDate": "2013-12-02T06:48:09.05-08:00"
  },
  {
    "Id": "481057",
    "Title": "Because nike blazers enables this muscle tissue inside foot or so to realize vigor",
    "LatestDate": "2014-01-03T19:46:55.397-08:00"
  },
  {
    "Id": "481058",
    "Title": "Nike skor stockholm has exploded into one of essentially the most favorite shoes",
    "LatestDate": "2014-01-03T19:53:28.707-08:00"
  },
  {
    "Id": "481059",
    "Title": "WHEN I often propose nike air max 1 proper does anyone want to acquire a pretty fine operating trainer",
    "LatestDate": "2014-01-03T21:07:22.687-08:00"
  },
  {
    "Id": "481060",
    "Title": "Nike sko danmark with regard to men and women can be obtainable",
    "LatestDate": "2014-01-03T21:12:26.987-08:00"
  },
  {
    "Id": "481061",
    "Title": "The particular thomas sabo charms come in mixed kinds",
    "LatestDate": "2014-01-03T21:14:01.21-08:00"
  },
  {
    "Id": "481062",
    "Title": "Regarding buffs involving silver jewelry, thomas sabo may be a well-known company",
    "LatestDate": "2014-01-03T21:15:49.443-08:00"
  },
  {
    "Id": "506610",
    "Title": "Another style of choice is to write a name on Pandora beads",
    "LatestDate": "2014-01-17T21:34:37.35-08:00"
  },
  {
    "Id": "506616",
    "Title": "Cheap Air Jordans for Sale - Best Places to Buy Locally at Cheap Prices",
    "LatestDate": "2014-01-17T21:36:39.263-08:00"
  },
  {
    "Id": "535386",
    "Title": "listArray.length is not behaving correctly in IE10",
    "LatestDate": "2014-02-25T08:16:42.773-08:00"
  },
  {
    "Id": "536905",
    "Title": "Algemene gids voor Babyliss Master Ionic Ceramic Curly hair Dryer",
    "LatestDate": "2014-03-02T22:07:52.293-08:00"
  },
  {
    "Id": "536907",
    "Title": "Nike camiseta de los angeles campaña lanzada pena Gyakusou",
    "LatestDate": "2014-03-02T22:09:50.197-08:00"
  },
  {
    "Id": "537845",
    "Title": "Investigation from industry with regards to nike",
    "LatestDate": "2014-03-04T00:49:15.023-08:00"
  },
  {
    "Id": "537852",
    "Title": "Investigation from industry with regards to nike",
    "LatestDate": "2014-03-04T01:01:26.013-08:00"
  },
  {
    "Id": "538979",
    "Title": "Lakers' Bryant unhappy record so Fei Xia : home ballpark want to kill",
    "LatestDate": "2014-03-14T01:27:57.34-07:00"
  },
  {
    "Id": "542404",
    "Title": "Surely Learned about Nike",
    "LatestDate": "2014-04-16T03:29:53.057-07:00"
  },
  {
    "Id": "542405",
    "Title": "present abilities to receive several nike",
    "LatestDate": "2014-04-16T03:34:48.787-07:00"
  },
  {
    "Id": "544408",
    "Title": "What is CommonLibrary.dll",
    "LatestDate": "2014-05-06T01:34:20.377-07:00"
  },
  {
    "Id": "545169",
    "Title": "high-quality fashion accessories",
    "LatestDate": "2014-05-13T00:28:23.27-07:00"
  },
  {
    "Id": "545170",
    "Title": "Barbour Clothing-Your Trend, The Type",
    "LatestDate": "2014-05-13T00:31:48.457-07:00"
  },
  {
    "Id": "545784",
    "Title": "The Strolling footwear with Nike",
    "LatestDate": "2014-05-19T00:58:44.62-07:00"
  },
  {
    "Id": "545785",
    "Title": "Nike Series Shoes and boots Look at",
    "LatestDate": "2014-05-19T01:05:31.74-07:00"
  },
  {
    "Id": "547749",
    "Title": "Protection associated with Nike field hockey shoes or boots",
    "LatestDate": "2014-06-06T02:25:28.54-07:00"
  },
  {
    "Id": "547750",
    "Title": "Instruction to be able to purchasing Nike game footwear",
    "LatestDate": "2014-06-06T02:28:11.983-07:00"
  },
  {
    "Id": "549108",
    "Title": "to obtain nike shoes and boots for the best Charges",
    "LatestDate": "2014-06-19T02:47:35.497-07:00"
  },
  {
    "Id": "549110",
    "Title": "Leading Five Gals Presents Review",
    "LatestDate": "2014-06-19T02:55:41.653-07:00"
  },
  {
    "Id": "552287",
    "Title": "asp:AsyncPostBackTrigger Button",
    "LatestDate": "2014-07-21T01:59:29.457-07:00"
  },
  {
    "Id": "562217",
    "Title": "Quality Nike Boots and shoes - Tips That will Potential buyers",
    "LatestDate": "2014-08-26T23:12:02.337-07:00"
  },
  {
    "Id": "562218",
    "Title": "Nike Shoes or boots Widely used By means of Every one of the Individuals",
    "LatestDate": "2014-08-26T23:18:45.813-07:00"
  },
  {
    "Id": "562219",
    "Title": "low-priced nike wall plug damaged simply by fantastic persons",
    "LatestDate": "2014-08-26T23:28:28.893-07:00"
  },
  {
    "Id": "566971",
    "Title": "ought have got excellent personalities nike sites",
    "LatestDate": "2014-09-10T03:49:22.337-07:00"
  },
  {
    "Id": "566973",
    "Title": "Astounding nike roshe specifically for of which wishes",
    "LatestDate": "2014-09-10T03:54:59.44-07:00"
  },
  {
    "Id": "566975",
    "Title": "Best option To order superior know-how nike",
    "LatestDate": "2014-09-10T03:59:37.913-07:00"
  },
  {
    "Id": "570467",
    "Title": "in every case to talk about nike facts",
    "LatestDate": "2014-10-22T19:51:37.487-07:00"
  },
  {
    "Id": "570469",
    "Title": "identified to be donning greatest nike",
    "LatestDate": "2014-10-22T19:55:58.43-07:00"
  },
  {
    "Id": "571943",
    "Title": "nike activities avenues with regard to personal goods",
    "LatestDate": "2014-11-12T22:59:12.81-08:00"
  },
  {
    "Id": "571944",
    "Title": "Nike remarkable effect towards the custom made",
    "LatestDate": "2014-11-12T23:03:42.407-08:00"
  },
  {
    "Id": "571953",
    "Title": "freelancing of which triggers nike generation",
    "LatestDate": "2014-11-13T00:19:23.723-08:00"
  },
  {
    "Id": "573631",
    "Title": "nike insoles present this covert paintings",
    "LatestDate": "2014-11-30T22:03:48.41-08:00"
  },
  {
    "Id": "573632",
    "Title": "brand-new nike continues on sale made for the criminal court",
    "LatestDate": "2014-11-30T22:08:19.04-08:00"
  },
  {
    "Id": "573635",
    "Title": "gaining a new country's status inside nike",
    "LatestDate": "2014-11-30T22:18:46.243-08:00"
  },
  {
    "Id": "573877",
    "Title": "style tips excited for you to be aware nike",
    "LatestDate": "2014-12-02T23:27:23.25-08:00"
  },
  {
    "Id": "573878",
    "Title": "building the many nike textures, styles",
    "LatestDate": "2014-12-02T23:33:59.613-08:00"
  },
  {
    "Id": "573879",
    "Title": "struggling with make use of the nike likeness",
    "LatestDate": "2014-12-02T23:38:34.58-08:00"
  },
  {
    "Id": "574740",
    "Title": "DynamicPopulateExtender with CollapsiblePanelExtender fireing twice",
    "LatestDate": "2014-12-12T01:56:00.623-08:00"
  },
  {
    "Id": "577251",
    "Title": "An excellent Co-operation Somewhere between Nike",
    "LatestDate": "2015-01-08T23:49:06.413-08:00"
  },
  {
    "Id": "577252",
    "Title": "nike owns extraordinary combined properties",
    "LatestDate": "2015-01-08T23:53:33.58-08:00"
  },
  {
    "Id": "577253",
    "Title": "Company nike sponsoring favorite soccer coaches and teams",
    "LatestDate": "2015-01-08T23:57:06.66-08:00"
  },
  {
    "Id": "579332",
    "Title": "outward nike overall look after which you can acknowledgements",
    "LatestDate": "2015-02-03T00:27:12.53-08:00"
  },
  {
    "Id": "579333",
    "Title": "photographs of nike attended upwards online",
    "LatestDate": "2015-02-03T00:32:37.847-08:00"
  },
  {
    "Id": "579334",
    "Title": "far linked to this nike method and also layout",
    "LatestDate": "2015-02-03T00:35:24.29-08:00"
  },
  {
    "Id": "587762",
    "Title": "this Nike publicised this development from the Ever previously Bigger",
    "LatestDate": "2015-03-17T19:43:22.81-07:00"
  },
  {
    "Id": "587763",
    "Title": "this shoe had been encouraged through Lakers movie star",
    "LatestDate": "2015-03-17T19:45:35.707-07:00"
  },
  {
    "Id": "634837",
    "Title": "This freaks the Buy Fifa 15 Coins guards ",
    "LatestDate": "2015-04-27T23:56:58.237-07:00"
  },
  {
    "Id": "634838",
    "Title": "This freaks the Buy Fifa 15 Coins guards ",
    "LatestDate": "2015-04-27T23:57:05.893-07:00"
  },
  {
    "Id": "634840",
    "Title": "They're not your FIFA PS3 Coins enemies",
    "LatestDate": "2015-04-27T23:57:57.723-07:00"
  },
  {
    "Id": "634842",
    "Title": "Aback you're a FUT 15 Coins affiliate",
    "LatestDate": "2015-04-27T23:58:46.693-07:00"
  },
  {
    "Id": "641038",
    "Title": "((FULL HD)) BRIDGES OF LOVE July 7, 2015",
    "LatestDate": "2015-07-07T14:50:54.58-07:00"
  },
  {
    "Id": "641039",
    "Title": "((FULL HD)) BRIDGES OF LOVE July 7, 2015",
    "LatestDate": "2015-07-07T14:51:53.36-07:00"
  },
  {
    "Id": "644311",
    "Title": "connection string problems",
    "LatestDate": "2015-08-27T23:54:59.907-07:00"
  },
  {
    "Id": "646503",
    "Title": " WLK have to wait, do not get our hands on an official document of approval ",
    "LatestDate": "2015-10-21T20:26:15.02-07:00"
  },
  {
    "Id": "648251",
    "Title": "West did not evade tax officials confirmed Macy small flea final wash grievances",
    "LatestDate": "2015-12-01T23:45:46.9-08:00"
  },
  {
    "Id": "648252",
    "Title": "Barcelona played bad? Pique hit back question: Real Madrid 5 2 crown only",
    "LatestDate": "2015-12-01T23:48:20.213-08:00"
  },
  {
    "Id": "649599",
    "Title": "Moyes was hit served: Liverpool Manchester United stronger than we tried",
    "LatestDate": "2016-01-04T21:53:52.383-08:00"
  },
  {
    "Id": "649600",
    "Title": "he does not know FIFA 16 football will harm miserable ultimate team",
    "LatestDate": "2016-01-04T21:54:57.857-08:00"
  },
  {
    "Id": "650343",
    "Title": "HVAC System",
    "LatestDate": "2016-01-21T22:34:13.18-08:00"
  }
]