[
  {
    "Id": "621146",
    "ThreadId": "259712",
    "Html": "\r\n<p>hi,</p>\r\n<p>when a forum ticket is updated , will the notification email be sent to the user ?</p>\r\n<p>thanks</p>\r\n<p>Jamal.</p>\r\n<p>P.S</p>\r\n<p>just like the subscribe button i have below , which says, send me and email when someone posts a reply.</p>\r\n",
    "PostedDate": "2011-05-31T19:59:06.3-07:00",
    "UserRole": null,
    "MarkedAsAnswerDate": null
  },
  {
    "Id": "621176",
    "ThreadId": "259712",
    "Html": "<p>Yes,</p>\r\n<p>When someone creates a new post (from whithin a thread), all people subscribed to that thread will receive the notification email.</p>",
    "PostedDate": "2011-05-31T22:14:10.773-07:00",
    "UserRole": null,
    "MarkedAsAnswerDate": null
  },
  {
    "Id": "621181",
    "ThreadId": "259712",
    "Html": "<p>and can we configure so that the email be sent from our exchange server .</p>\r\n<p>secondly , is this product stable ?</p>",
    "PostedDate": "2011-05-31T22:35:08.833-07:00",
    "UserRole": null,
    "MarkedAsAnswerDate": null
  },
  {
    "Id": "621926",
    "ThreadId": "259712",
    "Html": "<p>what about email forum integration ?</p>\r\n<p>if a user replies the email will it be updated on forum's&nbsp;appropriate&nbsp;post ?</p>",
    "PostedDate": "2011-06-02T05:00:35.903-07:00",
    "UserRole": null,
    "MarkedAsAnswerDate": null
  },
  {
    "Id": "744433",
    "ThreadId": "259712",
    "Html": "<p>I think its on the profile settings, email verifications are send automatically righ??</p>\r\n<p>________________________________________________</p>\r\n<p><a href=\"http://wowgoblinlevelingguide.com/\">goblin leveling guides</a>, <a href=\"http://wowgoblinlevelingguide.com/goblin-leveling-guide\">wow goblin leveling guide</a><br /><a href=\"http://wowworgenlevelingguide.com/\">worgen leveling guides</a>, <a href=\"http://wowworgenlevelingguide.com/worgen-leveling-guide\">worgen levelin guide</a></p>",
    "PostedDate": "2012-02-06T21:49:57.81-08:00",
    "UserRole": null,
    "MarkedAsAnswerDate": null
  }
]