[
  {
    "Id": "672221",
    "ThreadId": "272682",
    "Html": "\r\n<p>Can anyone help me out for the following issue?</p>\r\n<p>I am getting &quot;NAMESPACE&quot; undefined when calling AjaxMethod.</p>\r\n<p>Plz help.</p>\r\n",
    "PostedDate": "2011-09-15T05:52:43.68-07:00",
    "UserRole": null,
    "MarkedAsAnswerDate": null
  },
  {
    "Id": "723960",
    "ThreadId": "272682",
    "Html": "<p>Post more details and/or code line/s</p>",
    "PostedDate": "2012-01-11T15:39:12.85-08:00",
    "UserRole": null,
    "MarkedAsAnswerDate": null
  }
]