[
  {
    "Id": "1244690",
    "ThreadId": "545170",
    "Html": "Consider <a href=\"http://www.barbourjackaoutletonline.com/\" rel=\"nofollow\">barbour jacka</a>, may not be they're favorite while they ended up ahead of? Becoming reminded from the waxy and also shiny physical appearance Barbour outfits grew to become renowned when they produce a great fashion report and the classy jackets nowadays as they previously was. Barbour may be a gear as well as would wear created for open air particular person plus generally from the sports activity with auto. It was before founded around 1894 by means of David Barbour along with Sons, a new United kingdom clothing producer in addition to almost all of the Barbour goods are manufactured in the uk. The following gear had been fully commited yourself for a popularity involving prime quality as well as strength, hard-wearing clothing, and is particularly suited to existence over and above the city.\r<br />\n<br />\n<a href=\"http://www.barbourjackaoutletonline.com/\" rel=\"nofollow\">barbour outlet</a> can be known for the tough look along with basic decorating. If you are looking for your level of quality that should outlast ones travels open air, Barbour gear could endure and also go above your current targets. Should you be a new anglers or some sort of seeker, Barbour gear can help you for being impenetrable from the causes connected with mother nature. The item can help you receive the a lot of sturdy along with shielding outdoor items.\r<br />\n<br />\nIf going outside, it is vital for you to take a bunch of gear which may secure anyone versus cool or damp climate many through the journey. Although spot ? preserve yourself comfortable yet throughout style plus with type? Out of doors garments ought to be generated for upsetting ecosystem in addition to also need to always be in vogue, and <a href=\"http://www.barbourjackaoutletonline.com/\" rel=\"nofollow\">barbour jacka rea</a> might shield a person contrary to the hard sort of conditions. It could possibly guard an individual by cold along with pests articles, that assists as defense coming from virtually any hurt, along with maintain an individual comfy though out-of-doors, yet Barbour gear even now appear in vogue along with fashionable.\r<br />\n<br />\nFashionable <a href=\"http://www.barbourjackaoutletonline.com/\" rel=\"nofollow\">barbour sale online</a> offers you your friendliness, security, vogue and ease and comfort you will need. This is available in a wide variety including Barbour knitwear, Barbour quilted jackets and also fleeces, Barbour t shirts and also pants, along with Barbour wax outdoor jackets and outerwear.\r<br />\n<br />\nBarbour has on can be purchased by merchants and also can be purchased on-line. The online world would have been a excellent support when you want the most effective <a href=\"http://www.barbourjackaoutletonline.com/\" rel=\"nofollow\">barbour jacka billigt</a> in affordable selling price where you could potentially compare and contrast quotes through distinct online stores. This is a little bit expensive but the truth is would not repent the actual strength and also level of quality you may put money into the following line of clothing. They're just long-lasting, could perservere the others with outfits would wear, and is particularly trendy and usually with style.\r<br />\n<br />\nBarbour apparel were all over regarding more than a century. As well as the vogue and type, along with defense and ease and comfort it gives for outdoor goers is always as well as however well-known until finally the following days and nights.<br />\n",
    "PostedDate": "2014-05-13T00:31:48.457-07:00",
    "UserRole": null,
    "MarkedAsAnswerDate": null
  }
]