[
  {
    "Id": "1321569",
    "ThreadId": "571953",
    "Html": "Counterfeit sneakers are usually capturing industry, in addition to preventing the actual great deals and also production these fake photos is harder as compared with actually. That is to a degree since it has grown progressively more tricky for a purchaser to express to the false coming from a realistic <a href=\"http://www.21nikeoutlet.com/new-balance-574\" rel=\"nofollow\">new balance 574 mujer</a>. Adequate good reason!\r<br />\n<br />\nProgressively more significant footwear businesses are generally moving its angles associated with surgery offshore. Even European titans for instance Armani and also Prada are usually creating their own shoes or boots inside The far east about the sly then polishing off your footwear inside The eu to be able to hold on to this sought after “Made with Croatia ”, or wherever, label. But through selling the actual generation in their boots to somewhat of a factory around Offshore or even Indonesia, these lenders may also be quiting numerous command on the design-knowledge of which helps make a great Armani or even Prada as well as <a href=\"http://www.21nikeoutlet.com/nike-roshe-run\" rel=\"nofollow\">nike roshe run baratas</a> exclusive from the start. The end result is actually what exactly is at times termed as the actual “third shift”, this “ghost shift” or maybe your “midnight shift”. Plant life that happen to be trained through Nike to provide <a href=\"http://www.21nikeoutlet.com/nike-air-max-90\" rel=\"nofollow\">nike air max 90 baratas</a> create footwear for any Us business throughout the day; next overnight, these kinds of similar factories manufacture an extra couple of thousand sets involving shoes or boots that can become distributed on the black-market while counterfeits. All these “third shift” shoes and boots may be made out of more cost-effective resources, nonetheless they're created by exactly the same persons. As a result, the particular counterfeits are usually highly hard to help distinguish by a authorised variant of the sneaker.\r<br />\n<br />\nYour particular sports shoe firm Fresh Stability treated a catastrophe bordering this matter with 1999. <a href=\"http://www.21nikeoutlet.com/nike-free-5-0\" rel=\"nofollow\">nike free 5.0 baratas</a> thought he would end it has the marriage together with considered one of it has the contractors, Horace Chang. Chang, exactly who leaped a new Harmony manufacturing plant outside of Hong Kong, had been given choice to produce Brand-new Balance shoes for both a worldwide and China (i. at the.,domestic) market place. Chang commenced building unauthorized more reproductions of the Fresh Stability “classic” (a low-tech sneaker), which will in due course brought Different Stability that will terminate their particular agreement with Alter. Chang ended up being purchased for you to move above exactly what could sum that will intellectual property – molds, marketing, layout -information, labels, and many others. Chang declined. With a raid of Chang’s manufacturing area, Brand new Balance observed this Chang had above 75, 000 more and also un-authorized Different Steadiness “classic” boots and shoes understanding that Alter got commenced to manufacture the very own variant with the “classic” underneath her individual content label appoint. True ended up inside international courts.\r<br />\n<br />\nThis kind of challenge has become the risks this significant <a href=\"http://www.21nikeoutlet.com/nike-free-run-3\" rel=\"nofollow\">nike free run 3 mujer</a> firms have simply by manufacturing its products and solutions offshore. Nevertheless, most corporations will be building sufficient of a profit by doing the sneakers in Tiongkok compared to The eu or even the usa that it may be worth chance.<br />\n",
    "PostedDate": "2014-11-13T00:19:23.723-08:00",
    "UserRole": null,
    "MarkedAsAnswerDate": null
  }
]