[
  {
    "Id": "1218866",
    "ThreadId": "537852",
    "Html": "Investigation from industry, <a href=\"http://www.nikezoomkobepascher.com/nike-kobe-bryant\" rel=\"nofollow\">nike kobe</a> transformed their strategy to coordinate the actual need of buyers. An increasing number of top dogs sports athletes competed within Nike shoes or boots. Athlete Draw Covert appeared to be the initial sportsperson for you to have on Nike shoes and boots all around your finish off brand. Nike shoes and boots got the primary endorsement with a expert sportsperson while Romanian rugby qualities Ilie Nastase authorized up on wear Nikes for the judge. Very first activity location Nike arrived at is usually bakestball. To be a warm activity in america, <a href=\"http://www.nikezoomkobepascher.com/nike-kobe-bryant/nike-kobe-8\" rel=\"nofollow\">kobe 8 pas cher</a> discover a easy spot to create income, only coorperation by using Jordan the actual famous battler throughout NBA. Once quite a while to help encourage together with Jordan, Nike produced Nike Air Jordan shoes and boots only Jordan. Initially, that NBA forbidden this specific brand new boot because doing so did not coordinate the actual league's dress up signal, even so the ban just offered to provide the design an improved shape in addition to extensive advertising. It really is the first time people today good recognize Nike.\r<br />\n<br />\nRemain in the actual will expand firm, singular easy spot are unable to pleased Nike's fantasy. <a href=\"http://www.nikezoomkobepascher.com/nike-kobe-bryant/nike-kobe-8\" rel=\"nofollow\">nike kobe 8</a> taken up on it has the shoes or boots celebrity simply by outfit sports athletes out of look at bottom, adding clothes libraries with regard to rugby and also basketball, which were popularized respectively through superstars David McEnroe in addition to Michael jordan Jordan. Within 1988, Nike's &quot;Just Complete It&quot; slogan appeared to be introduced, plus it continues the most identifiable as well as effective professional taglines. Within 1990, the initial NikeTown retailer showed within Portland, Ore. The business signed golf instruction phenom Tiger Hardwoods with 1996. It really is that seconed location Nike arrived at. With regard to a set of World of golf shoes and boots, Nike become well-known across the world.\r<br />\n<br />\nFollowing on from the organization broaden, <a href=\"http://www.nikezoomkobepascher.com/nike-lebron/nike-lebron-11\" rel=\"nofollow\">lebron 11 pas cher</a> identified the brand new strategy to footballing location. It really is warm on the earth mug in which Adidas patent. Nonetheless once Nike created it has the primary soccer shoes or boots, that warfare between Adidas in addition to Nike features initiated. Nonetheless development regarding brand new thought features never end jogging within Nike firm. In order that they aim to turn Nike Dunks(first with regard to basketball) in skateboarding area, this is why Nike SB shoes or boots become also suitable for youngers. It really is the initial specialist shoes and boots with skateboarding area, from and then about Nike depand their ingenuity to create barefoot running shoes and boots, Nike + mp3 shoes and boots, self-lacing shoes and boots. Just what incredible for Nike shoes or boots to become essentially the most famous just one inside the field. Even at present, Nike continues on the list of biggest and most profitable firms running right now.\r<br />\n<br />\nThat success track record regarding <a href=\"http://www.nikezoomkobepascher.com/nike-lebron/nike-lebron-10\" rel=\"nofollow\">nike lebron 10</a> features exhibit the actual stive in addition to hope that will brand new companies. Not the initial, even so the greatest, is actually just what Nike can, can also used in additional corporations.<br />\n",
    "PostedDate": "2014-03-04T01:01:26.013-08:00",
    "UserRole": null,
    "MarkedAsAnswerDate": null
  }
]