[
  {
    "Id": "1327566",
    "ThreadId": "573635",
    "Html": "From the moment Marty McFly primary used the these people around To your immediate future Element II, we are now almost all wanted auto-lacing shoes or boots. <a href=\"http://www.nikesneakerssaleuk.co.uk/nike-roshe-run\" rel=\"nofollow\">nike roshe run sale uk</a> includes right now stated a binocular may start with 2015, although even when, some sort of Canadian itc will be taking to help Kickstarter to try and overcom the particular boot large towards punch using its Powerlace P-One footwear.\r<br />\n<br />\nIn spite of the name, <a href=\"http://www.nikesneakerssaleuk.co.uk/nike-roshe-run/nike-roshe-run-womens\" rel=\"nofollow\">nike roshe run women sale</a> feature a non-electric process that will utilizes one's body excess weight in order to tense up the particular laces. If you stage into your shoes or boots, your own heel presses lower using a hid dvd that may be connected by means of wiring towards laces. There is a lever attached with a back corner with the sneaker that permits you to discharge strain that will loosen the particular laces to your style.\r<br />\n<br />\nAesthetically, it truly is improbable that P-Ones will probably get quite a few followers. Some people appear to be some couple of <a href=\"http://www.nikesneakerssaleuk.co.uk/nike-air-max-90\" rel=\"nofollow\">nike air max 90 sale uk</a>, along with substantial and fairly unsightly &quot;POWERLACE&quot; personalisation applied around their own factors. Your marketing campaign is actually trying to get the astronomically high $650, 000 CAD (about $577, 000) for making Powerlace possible, by using costs beginning $175 CAD ($155) intended for first chickens as well as $195 CAD ($173) for everybody different. Need to that marketing succeed, the primary shoes and boots usually are supposed to post upcoming Could. Granted Nike's unspecific &quot;2015&quot; night out for the auto-lacing shoes or boots, not even a prosperous plan can guarantee the fact that P-Ones could definitely &quot;the international first&quot; from the plenty of time these people deliver.\r<br />\n<br />\n“We needed to replace [the older-style sneaker] considering the finest brand-new engineering, ” Wilkins mentioned, “and deliver type to development. ” Get into Kraft. Three years back, bothered by means of ft . discomfort although wearing enterprise shoes or boots, he inquired their team’s <a href=\"http://www.nikesneakerssaleuk.co.uk/nike-free-5-0\" rel=\"nofollow\">nike free 5.0 womens uk</a> contacts about designing anything and pertaining to the pup. Kraft preferred that shoes or boots much, he shelved his / her different shoes along with commenced sporting the particular workout shoes continuously. (He thinks about this individual actually used the these people using a Whitened Home check out, although he’s definitely not several. )\r<br />\n<br />\nYour downtown Grand Rapids merchant, on 17 Weston St. SE, is definitely attaining any nationwide standing inside it is community pertaining to building well-known, limited-edition footwear. &quot;This is usually one comprehensive decline although some people traveled to superb plans to make sure a new adventure right here, the only real point we all care about will be whenever it bangs or maybe certainly not plus it absolutely does, &quot; writes Donwill within the Boom Container, one of many websites which handle the limited-edition trainer sector. Recognized will be once again joining up together with <a href=\"http://www.nikesneakerssaleuk.co.uk/nike-free-run-3/nike-free-run-3-mens\" rel=\"nofollow\">nike free run 3 mens uk</a> skateboard division using a pattern this utilizes the particular shoemaker’s Dunk Substantial SB product – a classic education hockey type in the Eighties – when their canvas.<br />\n",
    "PostedDate": "2014-11-30T22:18:46.243-08:00",
    "UserRole": null,
    "MarkedAsAnswerDate": null
  }
]