[
  {
    "Id": "939031",
    "ThreadId": "402526",
    "Html": "\r\n<p><br>\r\nHi All,<br>\r\nDoes anyone know any good free sms gateway which can be accessed using the C# client?<br>\r\nI also need some C# sample wrappers for interacting with the sms gateway for sending and receiving the SMSs.<br>\r\nThanks in advance.</p>\r\n",
    "PostedDate": "2012-11-09T02:24:44.96-08:00",
    "UserRole": null,
    "MarkedAsAnswerDate": null
  },
  {
    "Id": "1025374",
    "ThreadId": "402526",
    "Html": "Check out these links as they can provide good information regarding free SMS Gateways for .Net\r<br />\n<br />\n<a href=\"http://www.intellisoftware.co.uk/sms-gateway/\" rel=\"nofollow\">http://www.intellisoftware.co.uk/sms-gateway/</a>\r<br />\n<br />\n<a href=\"http://www.ozekisms.com/\" rel=\"nofollow\">http://www.ozekisms.com/</a>\r<br />\n<br />\n<a href=\"http://www.redoxygen.com/developers/c-sharp/\" rel=\"nofollow\">http://www.redoxygen.com/developers/c-sharp/</a><br />\n",
    "PostedDate": "2013-04-04T06:26:54.283-07:00",
    "UserRole": null,
    "MarkedAsAnswerDate": null
  }
]