[
  {
    "Id": "1293799",
    "ThreadId": "562217",
    "Html": "All these variety <a href=\"http://www.nikeoutletes.com/nike-air-max\" rel=\"nofollow\">nike air max baratas</a> are made of coming from nylon garments and leather-based, emphasizing with permeability and compact layout. Nike boots and shoes exclusive as well far more utilized tender bottom level, as a way convenient in order to dress yourself in and does not need to spend a lot of time to be able to conform to the item, on the other hand the proofing home is mostly lesser. Although a number of Nike shoes or boots make use of waterproof fabric and exclusive style to generate your leakproof perform ascension, usually, this Nike shoes or boots isn't suited to long-distance alpinism or perhaps journey hobby.\r<br />\n<br />\nKind <a href=\"http://www.nikeoutletes.com/nike-air-max/nike-air-max-1\" rel=\"nofollow\">nike air max 1 baratas</a> are utilized house, nylon gear or even mixture off both, plus a group of Gore-tex water resistant ventilate outfits. Around the design and style, this imporve this Nike shoes or boots resilience. The only real furthermore adopts improved hold patterns. Specially, that they intensify longevity in Nike footwear exclusive so that you can protect the ankle. Consequently, they're more substantial as compared to luxury climbing Nike footwear. We will have simply no big trouble in comparison with total leather-based Nike shoes to match. However, such Nike shoes or boots can't go with with campon around compacted snow domain.\r<br />\n<br />\nSuch alpinism <a href=\"http://www.nikeoutletes.com/nike-air-max/nike-air-max-90\" rel=\"nofollow\">nike air max 90 baratas</a> material is roughly identical to basic mountaineering Nike shoes, although around the legs defending along with the exclusive design and style, remember that it is improved as a way to far more sophisticated and tough mountaineering workouts. Usually they need dignified as well as reliable exclusive, or possess metallic inside lone. This helps make the apperance as well as bodyweight raise. It will pay specific focus towards water-proof function to take care of feet waterless around exercise sessions. Although this Nike shoes or boots should be firstly designed in order to in advance of use. If you dress yourself in different Nike shoes or boots too soon in order to ascend, you may really feel unpleasant due to a person's good Nike footwear rather than curving Nike shoes sole.\r<br />\n<br />\nKind <a href=\"http://www.nikeoutletes.com/nike-air-max/nike-air-max-2013\" rel=\"nofollow\">nike air max 2013 baratas</a> may be the best choice od polar rising. As the brand recommends, a pair of layers Nike shoes or boots of the interior and outside Nike footwear compose that. These kind of Nike sneakers may not be merely powerful massiness but the cost is definitely high. But they're this polar rising advantage tool. It truly is composed by plastic-type exterior &quot; booties &quot; and hot substance middle &quot; booties &quot;, considering the operate with averting water infiltration and warming. These generate your feet will never be frostbited within a entire world associated with glaciers along with compacted snow. This Nike shoes or boots are made of a unique materials having specific workmanship. This vamp is made up of the actual mix of leather and fabric, and the eiderdown to hold comfy. Intrinsic fabric can be composite ofelastic PTFE membrane layer.\r<br />\n<br />\nThermal upkeep stuff embrace separate growth associated with feather flocculent felt, employ natural eiderdown resource, conquer feathers flocculent previous puffed up, quick tool flocking weakness, and also provides great warmness maintenance property or home. Friendliness retention house is usually supperior, and below identical situation involving constructed from wool felted, this weights a single with a few. Given it functions a new stratum involving PTFE membrane. Possibly around windbreak and also windy weather condition, what's more , it could hamper coolness assaults. Hence with this cold weather, temperature retention cannot derease clearly. Avoid microbes as well as safeguard towards foul odor Your middle clothing associated with <a href=\"http://www.nikeoutletes.com/nike-air-max/nike-air-max-2014\" rel=\"nofollow\">nike air max 2014 baratas</a> in addition to sock cells lining have been emptied anti-microbial. Owing to specific exterior bottom pattern provides very good anti-skidding effectiveness entrance along with returning in addition to still left as well as appropriate the two characteristics instructions. It will possibly not crash or even clip dirt simply, possibly upon perfect as well as its polar environment path.<br />\n",
    "PostedDate": "2014-08-26T23:12:02.337-07:00",
    "UserRole": null,
    "MarkedAsAnswerDate": null
  }
]