[
  {
    "Id": "533345",
    "ThreadId": "237720",
    "Html": "\r\n<p><a href=\"http://www.graniteconsulting.com.au/news/17112010084541-db-group-rebrands-to-granite-consulting/\">HR consulting Melbourne</a>\r\n<a href=\"http://www.smarterwebcompany.co.uk/our-services/web-design/\">Web design Bristol</a>\r\n<a href=\"http://www.horatioinvestments.com/south-west-business-angel/\">South West business angel</a>\r\n<a href=\"http://www.mysmartercms.co.uk/how-does-it-work/\">CMS Web Design</a> <a href=\"http://cms.mysmarterwebsite.co.uk/pricing/\">\r\nlow cost websites</a></p>\r\n",
    "PostedDate": "2010-12-09T04:21:22.427-08:00",
    "UserRole": null,
    "MarkedAsAnswerDate": null
  },
  {
    "Id": "533347",
    "ThreadId": "237720",
    "Html": "\r\n<p>Investigating spam. A inquiry message has been sent to all contacts from linked websites</p>\r\n",
    "PostedDate": "2010-12-09T04:37:55.863-08:00",
    "UserRole": null,
    "MarkedAsAnswerDate": null
  }
]