[
  {
    "Id": "1246838",
    "ThreadId": "545785",
    "Html": "It’s any accurately diagnosed unavoidable fact any time guys would like fantastic footwear they verify out there Nike. Whether will have them enforced pertaining to performing basketball and also almost every additional hobby, a person begin to get just looking to calculate clearer if you’re sporting skinny jeans, its easy to be able to depend on <a href=\"http://www.2014nikeairmaxpascher.fr/nike-free/nike-free-5-0\" rel=\"nofollow\">nike free 5.0 pas cher</a> to have obtained footwear which have been correct for every circumstance along with virtually every preference. Now you could take into account a couple of brand new forms punishing your stores right now which have been generating somewhat an impact.\r<br />\n<br />\nOne of the really wonderful paying for basketball shoes with regard to guys should certainly become the particular <a href=\"http://www.2014nikeairmaxpascher.fr/nike-free/nike-free-run-2\" rel=\"nofollow\">nike free run 2 pas cher</a>. For it absolutely will be versatile grooves it absolutely is within a location to be able to tone versatility and also articulation. In addition, that shows a herring bone as well as appear plastic intended for a lot more service. Attributed for this EKG regime in addition, the item offers a person a low marking traction. In addition, could possibly be a full time-span phylon mid-sole in addition coming from that by some mid foot shank. That footwear likewise could appearance along with a lot of the fresh remedy jig cable, offering a good ultra gentle pounds relaxation, in addition that tongue is definitely marked with Kobe’s appoint. Customers in the footwear rating them instead sizeable for the best relieve and convenience in addition to help support.\r<br />\n<br />\nYou might be selected to receive an excellent collection of ankle movement thanks for that cheap principal silhouette, also it allows an individual getting your absolute best movement possibilities ever before! Considerably more rewards in the layout actually are your carbon chemical substances fibres arch meal by using fantastic mid-foot support, and high back guide supplied simply by way of the molded outer walls high high heel reverse. In the event you choose a sneaker that also includes your slight lbs feel, along with exceptional guide from a scaled-down degree of building, after that you'll probably must validate available the particular <a href=\"http://www.2014nikeairmaxpascher.fr/nike-air-max\" rel=\"nofollow\">nike air max pas cher</a>.\r<br />\n<br />\nYou'll probably additionally come across it really is advancing towards evaluate by using of which <a href=\"http://www.2014nikeairmaxpascher.fr/nike-air-max/nike-air-max-1\" rel=\"nofollow\">nike air max 1 pas cher</a> way to produce you using the most effective reduce in addition to convenience and also cushioning. You'll probably such as the way in which your plastic out-sole exposes everyone along with rapid judge advances in addition to the highly accurate grasp.\r<br />\n<br />\nAcquiring an array of styles as well as colorings to view in coming from, you'll probably discover a group of fret that fulfills everyone’s selection of acquire a lot more older along with particular person flavor. be mindful which these types of footwear usually are created to help previous, thus is definately required the fact that challenging put on and rip usage of the can cause these people that will shift in reserve giving you. A many kinds of people characteristic an exceptionally many kinds connected with pairs associated with <a href=\"http://www.2014nikeairmaxpascher.fr/nike-air-max/nike-air-max-90\" rel=\"nofollow\">nike air max 90 pas cher</a> to be able to hue synchronize with several clothing many people have on, also just like a superb couple they firmly experience can help these people end up being deemed your success if using a number of sporting activities or even mmorpgs. By nike shop.<br />\n",
    "PostedDate": "2014-05-19T01:05:31.74-07:00",
    "UserRole": null,
    "MarkedAsAnswerDate": null
  }
]