[
  {
    "Id": "994978",
    "ThreadId": "431617",
    "Html": "I have added the following code for to use JQuery to my Layout.cshtml file, and it causes Orchard.UI.Resources.RequireSettings to display twice at the top of the page.<br />\n<pre><code>@{ \n    @Script.Require(&quot;jQuery&quot;)\n    @Script.Require(&quot;jQueryUI&quot;)\n}</code></pre>\n\nI googled for the error, and I check the forums here, and the only thing I saw was to add the <a href=\"mailto:@{...}\" rel=\"nofollow\">@{...}</a> around it.  I have done that, and I still get the message appearing.  What am I doing wrong??\r<br />\n<br />\nThanks!<br />\n",
    "PostedDate": "2013-01-31T17:46:41.073-08:00",
    "UserRole": null,
    "MarkedAsAnswerDate": null
  },
  {
    "Id": "1435364",
    "ThreadId": "431617",
    "Html": "I know this is an old question, but I just run into this today. The Correct format for the message to disappear is:<br />\n<pre><code>@{ \n    Script.Require(&quot;jQuery&quot;);\n    Script.Require(&quot;jQueryUI&quot;);\n}</code></pre>\n\n",
    "PostedDate": "2015-07-21T08:51:07.307-07:00",
    "UserRole": null,
    "MarkedAsAnswerDate": null
  }
]