[
  {
    "Id": "815414",
    "ThreadId": "350019",
    "Html": "\r\n<p>Hey guys!</p>\r\n<p>I have a problem with cosmos. I don't know how to import a graphic in a console.</p>\r\n<p>Can somebody help me please?</p>\r\n<p>If you can answer my question, please write a mail to <a href=\"mailto:Hio5@inmail.at\">\r\nHio5@inmail.at</a></p>\r\n",
    "PostedDate": "2012-03-26T00:24:24.52-07:00",
    "UserRole": null,
    "MarkedAsAnswerDate": null
  },
  {
    "Id": "913025",
    "ThreadId": "350019",
    "Html": "\r\n<p>hello visite <a title=\"pirater facebook\" href=\" http://pirater-facebook.eu\" target=\"_blank\">\r\nhttp://pirater-facebook.eu</a></p>\r\n",
    "PostedDate": "2012-09-15T04:51:24.82-07:00",
    "UserRole": null,
    "MarkedAsAnswerDate": null
  }
]