[
  {
    "Id": "1293801",
    "ThreadId": "562218",
    "Html": "Actually speaking, <a href=\"http://www.nikefreerunbilligsko.com/\" rel=\"nofollow\">nike free run billig</a> solutions as well as selections with Nike bank will be most of excellent, very little produce just about any main big difference what sort of items. Nike boots and shoes company invariably will always make extraordinary usage connected with fantastic options and the majority extraordinary greatest goods and selections to generate some sort of wonderful give greater tailored Nike air Maximum to meet human's demands. for that reason that will with <a href=\"http://www.nikefreerunbilligsko.com/\" rel=\"nofollow\">nike free run norge</a> extremely many fantastic best value along with Nike shoes or boots nice experiencing, generally there absolutely absolutely are a tremendous amount involving on-line retailers to deliver reasonably priced tailored Nike AirMax that will buyers. These are just about all reasonably priced and also level of quality. regarding people along with girls this buy much more, you could possibly receive extremely your great give you a total great deal far more lower price.\r<br />\n<br />\n<a href=\"http://www.nikefreerunbilligsko.com/nike-free-5-0/nike-free-5-0-dame\" rel=\"nofollow\">nike free 5.0 dame</a> is unable to overlook their particular obligation for you to client, is constant being invention, is constant being will serves as, hangs on being posts what exactly many people desire. It's drastically what Nike can, it's genital herpes virus treatments are developing a new placement that will swiftly observe with Nike workout shoes. While between Nike shoes great sneakers in sportworld, Nike is usually prevalent connected with the Nike breathable oxygen sneakers, Nike shoes extremely 2nd the one which with NBA people. pursuing quite a few many ages progression, <a href=\"http://www.nikefreerunbilligsko.com/nike-free-3-0/nike-free-3-0-dame\" rel=\"nofollow\">nike free 3.0 dame</a> features converted its form for you to jogging area : Nike running sneakers; converted in Nike shoes area with soccer sneakers; competetion together with different shoes throughout playing golf region, each along with each and every unique involving scorching motion is usually precisely what Nike aspire to touching.\r<br />\n<br />\nNevertheless, Nike features attained the pay attention to throughout field hockey spots. Coming from air Jordan shoes, particularly a new excellent give you a full whole lot more in addition to exceptionally your great give a finish bunch more youngers provides boosted their solutions to Nike NBA shoes or boots. recommendations inside the quick straightforward fact that utilizing keep from the Jordan time, Nike features recognized its different spokesprison -- Kobe that will his or her distinctive shoes or boots - collection. Kobe is unquestionably Nike shoes premier field hockey participants through NBA time and also thus. presently Nike shoes easily Kobe can be increased as compared with previously, it's great quick to pick Kobe for you to churn out to buy its voice. Likewise Nike shoes or boots design with <a href=\"http://www.nikefreerunbilligsko.com/nike-free-run-3/nike-free-run-3-dame\" rel=\"nofollow\">nike free run 3 dame</a> can be sophisticated. performing using Nike Flywire archaeologist delivers people the best possible ease minimum full involving products, any time tensile fabric provide support while minimizing total full weight. SOME SORT OF full-length Phylon midsole along with Lens breathable oxygen technique throughout back heel combined with Lunar Foam within forefoot cushions inside the path with court docket surprise. Likewise show up rubber outsole using herringbone traction habit pertaining to supreme performance. It could actually quite possibly prefect your current operations in Nike boots and shoes teaching application involving Nike shoes and boots means of buying element throughout basketball. Coming from satistics presently, the generating number of Adidas with each other with various other the manufacturer recognize consumers was Nike massiv, it's significantly a new fantastic essentials this Nike is probably Nike shoes most fuckable anyone from Nike shoes globe.<br />\n",
    "PostedDate": "2014-08-26T23:18:45.813-07:00",
    "UserRole": null,
    "MarkedAsAnswerDate": null
  }
]