[
  {
    "Id": "723875",
    "ThreadId": "285816",
    "Html": "\r\n<p>Hello there,</p>\r\n<p>I am going to start a big project. I want to know if you have this functionality.\r\n<br>\r\nAfter a graph is generated, user should be able to change graph lines and he can get the changed parameters.<br>\r\nThis must be available for 2D and 3D.&nbsp; <br>\r\nPlease let me know.</p>\r\n<p>Regards,<br>\r\nOmkar.</p>\r\n",
    "PostedDate": "2012-01-11T12:16:07.753-08:00",
    "UserRole": null,
    "MarkedAsAnswerDate": null
  },
  {
    "Id": "723957",
    "ThreadId": "285816",
    "Html": "<p>&nbsp;</p>\r\n<p>I think you post nothing about or maybe i don't understand you. What's the question about the forum</p>",
    "PostedDate": "2012-01-11T15:38:09.317-08:00",
    "UserRole": null,
    "MarkedAsAnswerDate": null
  }
]