[
  {
    "Id": "1321549",
    "ThreadId": "571943",
    "Html": "Based on storage devices news flash reports, not too long ago, Warren Buffett's Berkshire Hathaway Inc. (Berkshire Hathaway) disclosure regarding holdings on the most recent report on demonstrates, adjusted the final regarding 2010 AND BEYOND, that Oakley Sun shades business will be in the arms involving Traditional bank associated with The usa stock options clearance. Concurrently, the provider will add hands and wrists involving <a href=\"http://www.basketsnike-fr.com/nike-roshe-run\" rel=\"nofollow\">nike roshe run pas cher</a> models like Comcast, Nalco Positioning, Fiserv, in addition to Loews Corp's stock many of the clearance.\r<br />\n<br />\nActually, since recently, second in addition to third fraction, because well-known company <a href=\"http://www.basketsnike-fr.com/new-balance-574\" rel=\"nofollow\">new balance 574 femme</a> market possessed encountered decrease involving 52. 3% associated with Warren Buffett, distributed 500 thousand explains to you on the industry valuation with 032 thousand OUGH. UTES. dollars. And continue four week period, global consortia holdings regarding companies involving purchaser goods are also widespread phenomena. You that purchase area, advised reporters the range decided on Buffett's stock options holdings of Nike black-jack shoe, mainly due to the fact increasingly more serious item homogeneity, your market fell sharply.\r<br />\n<br />\nIn addition, your black-jack shoe manufacturer <a href=\"http://www.basketsnike-fr.com/nike-free-flyknit\" rel=\"nofollow\">nike free flyknit pas cher</a> and other sports activities stations to get purchaser goods is normally the initial leasing store, then Submitter, last but not least to GUCCI Glasses receivables. This specific helped your bargaining electrical power on the siphon is becoming even worse, and minor bedroom to get value-added goods.\r<br />\n<br />\nIt can be documented which countrywide slippers manufacturer <a href=\"http://www.basketsnike-fr.com/nike-air-max-2014\" rel=\"nofollow\">nike air max 2014 pas cher</a> (prices, tips, comments) For what reason that share price droped dramatically, but due to the fact such a backdrop. Final Dec 30 in order to TWENTY TWO, the next consecutive morning diminishment associated with JP Morgan Pursuit Ning 3335. SIX trillion stocks.\r<br />\n<br />\nChoose Yet another lowering on the qualifications in the stock options can be Berkshire Hathaway's expenditure administration modify, these days 80-year-old Buffett is actually building endeavours that will fine-tune the particular company's placement. Lu Buffett continues to be regarded as right-hand person - Simpson (Lou Simpson) may be afre the wedding involving pensionable. Berkshire Hathaway picked up original hedge pay for administrator Todd - Kang Musi (Todd Combs) Guide Buffett software with sec expense <a href=\"http://www.basketsnike-fr.com/nike-free-5-0\" rel=\"nofollow\">nike free 5.0 pas cher</a>.\r<br />\n<br />\nCollege or university regarding Maryland Smith Education involving Chanel Sunglasses Business (Robert H. Smith school regarding business), Teacher Donald -- Castro (David Kass) had stated that when using the flying associated with Simpson, Buffett will be in the final district to create it unpleasant opportunities most income released.<br />\n",
    "PostedDate": "2014-11-12T22:59:12.81-08:00",
    "UserRole": null,
    "MarkedAsAnswerDate": null
  }
]