[
  {
    "Id": "1340270",
    "ThreadId": "577252",
    "Html": "Don this <a href=\"http://www.nikekaufende.de/adidas-originals/\" rel=\"nofollow\">adidas originals schuhe</a> large period Gucci shoes or boots Of which Produced the particular poor Mamba His or her Fifth Shining In line with Nike, this Lens quality Kobe V had been in the middle of among the list of the single most successful basketball sneaker within just involving within the historical past. Then it might adequately perhaps is probably found out since not any distress this when shortly considering that the NBA finals rolled close to, Kobe Bryant exhibited upward for the court having a glistening new colour technique in the direction of Kobe V. Dubbed the actual Kobe FIVE large cycle model, the actual white/metallic rare metal sneaker was supplied some sort of inviting wedding celebration by way of enthusiasts with Kobe's unsecured personal trainer tier. Pertaining to playoff training session routines photograph fit game titles placed over and above LOS ANGELES, nevertheless, Kobe painted a new sneaker having a black-based coloration manner. The actual sneaker, unsurprisingly, showed clearly a superb good fortune elegance making plans for how a Lakers took to overcom the actual Celtics, providing the particular self-dubbed &quot;Black Mamba&quot; his or her sixth tournament ring.\r<br />\n<br />\nNike a short while ago unveiled a couple restricted features working with your <a href=\"http://www.nikekaufende.de/nike-roshe-run\" rel=\"nofollow\">nike roshe run damen</a> big Stage, home plus Aside. The actual separate edition utilizing the actual huge bike Gucci shoes and boots skills some sort of pearly- white-colored color means, using material antique watches applied over the high heel element to help much more boost the Nike swoosh custom logo. The upper is decorated using white-on-white sum photographs record Kobe's career triumphs, which in turn include things like his or her profession area entire, that can maybe possibly be the single most valuable with the comply with declaration applying the actual Lakers. Nike Fly wire may appropriately possibly be utilized throughout the upper and midsole to buy specific the particular trainer possesses nominal pounds perhaps in spite of that straightforward fact that giving most great assist.\r<br />\n<br />\nThis large period apart copy appeared to be the particular Gucci shoes or boots that were with <a href=\"http://www.nikekaufende.de/new-balance-574\" rel=\"nofollow\">new balance 574 sale</a> while your dog contributed the teammates to success in the direction of that Celtics throughout the 7th movement's photo suit employing the finals. This low-top sneaker features some sort of dim embossed higher superior together with metal rare metal for the back heel down with all the swoosh logo design, too being a whitened see-through outside the house single. While applying this house model, the upper skills black-on-black amount pics creating a picture of <a href=\"http://www.nikekaufende.de/nike-free/nike-free-5-0-damen\" rel=\"nofollow\">nike free 5.0 damen</a> work, which in turn include things like 2835 finished mines obtained as well as 73 regarding comprehensive movement's photo suit game titles gamed. Kobe's dim Mamba custom logo might adequately perhaps end up being learned concerning the tongues plus outsole working with this black-jack shoe. Each and every solitary features skilled been little bit while . some sort of standard begin and is probably ordered in shops which often consist of Nike community LOS ANGELES along with dwelling involving Hoops regarding the Beverly Facility.\r<br />\n<br />\nIt also concerns this rigorous varieties of insulation to get complexes, drinking water heating units, refrigerated transport, as well as industrial and also non commercial refrigeration. It truly is utilized in the actual produce regarding sports activities shoes or boots as a result of the lightweight jolt assimilation qualities as well as currently being pliable together with getting good torsional along with bending muscle. <a href=\"http://www.nikekaufende.de/nike-free/nike-free-5-0-herren\" rel=\"nofollow\">nike free 5.0 herren</a> has become the most important man- made natural fibres actually designed. Your fibre offers your remarkable mixture of properties containing ended in it's use in a considerable amount of commercial merchandise seeing that it has the invention inside the 70's.<br />\n",
    "PostedDate": "2015-01-08T23:53:33.58-08:00",
    "UserRole": null,
    "MarkedAsAnswerDate": null
  }
]