{
  "WorkItem": {
    "AffectedComponent": {
      "Name": "",
      "DisplayName": ""
    },
    "ClosedComment": "",
    "ClosedDate": null,
    "CommentCount": 0,
    "Custom": null,
    "Description": "Hello,\r\n\r\nI'm getting following exception when I click \"Submit\" at \"CRM Attachment Downloader\" screen\r\n\r\n---------------------------\r\n\r\n---------------------------\r\nError: System.InvalidOperationException: \r\nData[0] = \"The provided uri did not return any Service Endpoints!\r\n{0}\"\r\nData[1] = \"\"\r\n\r\n   at Microsoft.Xrm.Sdk.Client.ServiceConfiguration`1..ctor(Uri serviceUri, Boolean checkForSecondary)\r\n\r\n   at Microsoft.Xrm.Sdk.Client.OrganizationServiceConfiguration..ctor(Uri serviceUri)\r\n\r\n   at Microsoft.Xrm.Sdk.Client.ServiceConfigurationFactory.CreateConfiguration[TService](Uri serviceUri)\r\n\r\n   at CRMAttachmentDownloadApp.Form1.GetCrmService()\r\n\r\n   at CRMAttachmentDownloadApp.Form1.btnDownload_Click(Object sender, EventArgs e)\r\n---------------------------\r\nOK   \r\n---------------------------\r\n\r\nI've CRM 2011 64-bit.\r\n\r\nKindly assist\r\n\r\nThank you\r\nHarish\r\n",
    "LastUpdatedDate": "2013-12-16T08:24:06.607-08:00",
    "PlannedForRelease": "",
    "ReleaseVisibleToPublic": false,
    "Priority": {
      "Name": "Unassigned",
      "Severity": 0,
      "Id": 0
    },
    "ProjectName": "forum",
    "ReportedDate": "2013-12-16T08:24:06.607-08:00",
    "Status": {
      "Name": "Proposed",
      "Id": 1
    },
    "ReasonClosed": {
      "Name": "Unassigned"
    },
    "Summary": "The provided uri did not return any Service Endpoints!",
    "Type": {
      "Name": "Unassigned",
      "Id": 5
    },
    "VoteCount": 1,
    "Id": 7
  },
  "FileAttachments": [],
  "Comments": []
}