{
  "WorkItem": {
    "AffectedComponent": {
      "Name": "",
      "DisplayName": ""
    },
    "ClosedComment": "",
    "ClosedDate": null,
    "CommentCount": 0,
    "Custom": null,
    "Description": "Hi,\r\nWe want to use born cp for managing connection bbetween java and memcached server but borne cp is giving driver for database like sql,mysql we are not able to find proper driver for memcached server .\r\nplease give any driver is supporting for same issue.\r\n\r\n\r\nThanks,\r\nSekhar.",
    "LastUpdatedDate": "2013-11-11T22:07:19.363-08:00",
    "PlannedForRelease": "",
    "ReleaseVisibleToPublic": false,
    "Priority": {
      "Name": "Unassigned",
      "Severity": 0,
      "Id": 0
    },
    "ProjectName": "forum",
    "ReportedDate": "2013-11-11T22:07:19.363-08:00",
    "Status": {
      "Name": "Proposed",
      "Id": 1
    },
    "ReasonClosed": {
      "Name": "Unassigned"
    },
    "Summary": "BoneCp driver found for memcached server?",
    "Type": {
      "Name": "Unassigned",
      "Id": 5
    },
    "VoteCount": 1,
    "Id": 5
  },
  "FileAttachments": [],
  "Comments": []
}