{
  "WorkItem": {
    "AffectedComponent": {
      "Name": "",
      "DisplayName": ""
    },
    "ClosedComment": "",
    "ClosedDate": null,
    "CommentCount": 0,
    "Custom": null,
    "Description": "HI,\r\nHow to create multi connection pool to memcached using java??\r\n\r\nps: I am using client is Spymemached-2.9.1 \r\nPlease help me..\r\n\r\nThanks,\r\nSekhar.",
    "LastUpdatedDate": "2013-11-12T01:38:25.22-08:00",
    "PlannedForRelease": "",
    "ReleaseVisibleToPublic": false,
    "Priority": {
      "Name": "Unassigned",
      "Severity": 0,
      "Id": 0
    },
    "ProjectName": "forum",
    "ReportedDate": "2013-11-12T01:38:25.22-08:00",
    "Status": {
      "Name": "Proposed",
      "Id": 1
    },
    "ReasonClosed": {
      "Name": "Unassigned"
    },
    "Summary": "Problem regards how to create memcached multi connection pooling using java code?",
    "Type": {
      "Name": "Unassigned",
      "Id": 5
    },
    "VoteCount": 1,
    "Id": 6
  },
  "FileAttachments": [],
  "Comments": []
}