{
  "WorkItem": {
    "AffectedComponent": {
      "Name": "",
      "DisplayName": ""
    },
    "ClosedComment": "",
    "ClosedDate": null,
    "CommentCount": 0,
    "Custom": null,
    "Description": "Can anyone help me out for the following issue?I am getting \"NAMESPACE\" undefined when calling AjaxMethod.Plz help.\r\n  ",
    "LastUpdatedDate": "2011-09-15T05:55:26.92-07:00",
    "PlannedForRelease": "",
    "ReleaseVisibleToPublic": false,
    "Priority": {
      "Name": "Low",
      "Severity": 50,
      "Id": 1
    },
    "ProjectName": "forum",
    "ReportedDate": "2011-09-15T05:55:11.157-07:00",
    "Status": {
      "Name": "Proposed",
      "Id": 1
    },
    "ReasonClosed": {
      "Name": "Unassigned"
    },
    "Summary": "Ajax class is Undefined",
    "Type": {
      "Name": "Issue",
      "Id": 3
    },
    "VoteCount": 1,
    "Id": 3
  },
  "FileAttachments": [],
  "Comments": []
}