{
  "WorkItem": {
    "AffectedComponent": {
      "Name": "",
      "DisplayName": ""
    },
    "ClosedComment": "",
    "ClosedDate": null,
    "CommentCount": 0,
    "Custom": null,
    "Description": "I have \"Find Cluster\" instead of \"Group\" in NodeXL > Analysis. How do I access the Group option? I can't find the option in my customize ribbon.",
    "LastUpdatedDate": "2013-09-16T04:41:43.46-07:00",
    "PlannedForRelease": "",
    "ReleaseVisibleToPublic": false,
    "Priority": {
      "Name": "Unassigned",
      "Severity": 0,
      "Id": 0
    },
    "ProjectName": "forum",
    "ReportedDate": "2013-09-16T04:41:43.46-07:00",
    "Status": {
      "Name": "Proposed",
      "Id": 1
    },
    "ReasonClosed": {
      "Name": "Unassigned"
    },
    "Summary": "How to display the Group Analysis option?",
    "Type": {
      "Name": "Unassigned",
      "Id": 5
    },
    "VoteCount": 1,
    "Id": 4
  },
  "FileAttachments": [],
  "Comments": []
}