[
  {
    "Id": "0",
    "Name": "InSeCla Forum Software v0.1.8",
    "DevelopmentStatus": "Alpha",
    "Description": "{{\n*VERSION: 0.1.8* \n}} FEATURES *ADDED*\n---- \n** *ADMIN PANEL* Instant Updates ! (JS to WebSvc.)\n*** FORUM TAB: Name, Available forum paths as per languages, description and meta tags\n*** CATEGORIES: Add/Edit/Delete Categories including (below as per category):\n**** Name, Icon Picture\n**** Order\n**** ParentCategory (this allows nested cats)\n**** Moderators users, Have write permission u. group\n**** Specific Language/Cult. versions of a same category\n***** These are the Lang./Cults. that these category will support\n****** Includes title, description and metas\n\n{{\n*VERSION: 0.1.7* \n}} FEATURES *ADDED*\n---- \n** Adding Posts\n*** UserFriendly: No another page to write for, no full postback, no controls preloaded (lighweight)\n*** Integrated editor (based on Winthusiasm's GNU License editor)\n** Edit Threads or Posts\n*** Even if posted by anonymous user (beacuse system checks for IP between time range)\n** Register form\n** Email notification for thread or post replies\n** Superb User Panel\n*** Featuring instant updates (throught JS WService calls)\n*** Now Users have CUSTOM FIELDS ! (per domain) (mandatory or optional can be specified!)\n**** So if your domain is about cinema you can request users to fill his favorite movie\n*** Now Custom fields can have Custom values\n**** So you can ask to users as example .. What of these movies you like first ?\n**** And let user to choose 1 from your favorite movies (you have filled in DB) !\n***** Enterprises.CustomDataTypes.Values AND/OR Enterprises.CustomDataTypes.Values.Languages (so you can fill Indy last crusade AND Indy y la última cruzada TO get more accurate replies from English and also Spanish users) GREAT !\n*** Easy Upload of User Pictures Profile & Avatar\n** Started Admin Panel\n*** Not finished, but you can see the great features will include\n**** Handle a lot of work via a simple, fast & userfriendly JS-to-DB Ajax tabs\n*** Anonynous users can add new Thread's or Posts. Yet, you can customize to allow anonymous users to post new Threads and/or Posts\n\n*BUGS/FIXES* Several bugs fixed (majority for DropDownLists for Lang/Cult user change preferences)\n----\n\n*Note: Current version has no admin mode, so you need to fill the DB manually. But the script attached (the one that creates the tables and SPs) also fill some data.\n*Note: SEO current only on same page. SEO throught virtual url paths partial developed.\n\n{{\n*VERSION: 0.1.5* \n}} FEATURES *ADDED*\n---- \n** Adding Threads\n*** UserFriendly: No another page to write for, no full postback, no controls preloaded (lighweight)\n*** Integrated editor (based on Winthusiasm's GNU License editor)\n*** MULTILINGUE : Users can add many language/culture versions for a same thread (javascript; again no postbacks, again User Friendly) as available for current category for witch they want to add tópic.\n*** Anonynous users can add new Thread's. Yet, you can customize to allow anonymous \tusers to post new Threads\n\n*BUGS/FIXES* No bugs fixed\n----\n\n*Note: Current version has no admin mode and noway to user add threads/posts, so you need to fill the DB manually. But the script attached (the one that creates the tables and SPs) also fill some data.\n*Note: SEO current only on same page. SEO throught virtual url paths partial developed.",
    "ReleasedDatge": "0001-01-01T00:00:00",
    "ModifiedDate": "2010-12-23T13:41:38.693-08:00",
    "Files": [
      {
        "Id": "4469cffb-a060-45fa-a31b-60c46f55af00",
        "FileName": "InSeClaForum_v0.1.8.rar",
        "Url": "./0/4469cffb-a060-45fa-a31b-60c46f55af00",
        "Type": "Source Code",
        "UploadDate": "2010-11-28T19:46:59.797-08:00"
      }
    ]
  },
  {
    "Id": "1",
    "Name": "InSeCla Forum Software v0.1.7",
    "DevelopmentStatus": "Alpha",
    "Description": "*THIS IS V.0.1.7 - LAST Version IS 0.1.8* Link on right to acces latest version\n\n{{\n*VERSION: 0.1.7* \n}} FEATURES *ADDED*\n---- \n** Adding Posts\n*** UserFriendly: No another page to write for, no full postback, no controls preloaded (lighweight)\n*** Integrated editor (based on Winthusiasm's GNU License editor)\n** Edit Threads or Posts\n*** Even if posted by anonymous user (beacuse system checks for IP between time range)\n** Register form\n** Email notification for thread or post replies\n** Superb User Panel\n*** Featuring instant updates (throught JS WService calls)\n*** Now Users have CUSTOM FIELDS ! (per domain) (mandatory or optional can be specified!)\n**** So if your domain is about cinema you can request users to fill his favorite movie\n*** Now Custom fields can have Custom values\n**** So you can ask to users as example .. What of these movies you like first ?\n**** And let user to choose 1 from your favorite movies (you have filled in DB) !\n***** Enterprises.CustomDataTypes.Values AND/OR Enterprises.CustomDataTypes.Values.Languages (so you can fill Indy last crusade AND Indy y la última cruzada TO get more accurate replies from English and also Spanish users) GREAT !\n*** Easy Upload of User Pictures Profile & Avatar\n** Started Admin Panel\n*** Not finished, but you can see the great features will include\n**** Handle a lot of work via a simple, fast & userfriendly JS-to-DB Ajax tabs\n*** Anonynous users can add new Thread's or Posts. Yet, you can customize to allow anonymous users to post new Threads and/or Posts\n\n*BUGS/FIXES* Several bugs fixed (majority for DropDownLists for Lang/Cult user change preferences)\n----\n\n*Note: Current version has no admin mode, so you need to fill the DB manually. But the script attached (the one that creates the tables and SPs) also fill some data.\n*Note: SEO current only on same page. SEO throught virtual url paths partial developed.\n\n{{\n*VERSION: 0.1.5* \n}} FEATURES *ADDED*\n---- \n** Adding Threads\n*** UserFriendly: No another page to write for, no full postback, no controls preloaded (lighweight)\n*** Integrated editor (based on Winthusiasm's GNU License editor)\n*** MULTILINGUE : Users can add many language/culture versions for a same thread (javascript; again no postbacks, again User Friendly) as available for current category for witch they want to add tópic.\n*** Anonynous users can add new Thread's. Yet, you can customize to allow anonymous \tusers to post new Threads\n\n*BUGS/FIXES* No bugs fixed\n----\n\n*Note: Current version has no admin mode and noway to user add threads/posts, so you need to fill the DB manually. But the script attached (the one that creates the tables and SPs) also fill some data.\n*Note: SEO current only on same page. SEO throught virtual url paths partial developed.\n\n!! FILES on this release\n* root\n** Visual Studio 2008 Project Solution - Forum.sln\n** Instructions.txt included\n* /DB\n** InSeCla-Forum-DB-SQL2008-Instalation-AfterCreateDB-v.0.1.5.sql\n*** An SQL 2008 script that (once you create the Database) creates the Tables, Stored Procedures, and fills some data\n* /WEB\n** /App_Code\n*** Editor.vb\n*** Forum.vb\n*** ForumWs.vb (WebService)\n*** UrlVirtualVariable.vb\n** /App_GlobalResources\n*** Currently in English and Spanish (3 files)\n** /Bin\n*** Includes InSeCla related libraries\n*** AJax ControlToolkit Library\n** /Forum\n*** Code files: Default.aspx & Default.aspx.vb\n*** JS files: DialogBehavior.js, Editor.js, Forum.js, Table.js\n*** Other files: Css, /Theme (with images..)\n** Global.asax\n** web.confi",
    "ReleasedDatge": "0001-01-01T00:00:00",
    "ModifiedDate": "2010-12-23T13:42:15.917-08:00",
    "Files": [
      {
        "Id": "54f8a05b-8c8c-4028-afb1-a0592378b361",
        "FileName": "InSeClaForum_v0.1.7.rar",
        "Url": "./1/54f8a05b-8c8c-4028-afb1-a0592378b361",
        "Type": "Source Code",
        "UploadDate": "2010-10-14T09:20:23.96-07:00"
      }
    ]
  },
  {
    "Id": "2",
    "Name": "InSeCla Forum Software v0.1.5",
    "DevelopmentStatus": "Alpha",
    "Description": "{{\n*VERSION: 0.1.5* \n}} FEATURES *ADDED*\n---- \n** Adding Threads\n*** UserFriendly: No another page to write for, no full postback, no controls preloaded (lighweight)\n*** Integrated editor (based on Winthusiasm's GNU License editor)\n*** MULTILINGUE : Users can add many language/culture versions for a same thread (javascript; again no postbacks, again User Friendly) as available for current category for witch they want to add tópic.\n*** Anonynous users can add new Thread's. Yet, you can customize to allow anonymous \tusers to post new Threads\n\n*BUGS/FIXES* No bugs fixed\n----\n\n*Note: Current version has no admin mode and noway to user add threads/posts, so you need to fill the DB manually. But the script attached (the one that creates the tables and SPs) also fill some data.\n*Note: SEO current only on same page. SEO throught virtual url paths partial developed.\n\n!! FILES on this release\n* root\n** Visual Studio 2008 Project Solution - Forum.sln\n** Instructions.txt included\n* /DB\n** InSeCla-Forum-DB-SQL2008-Instalation-AfterCreateDB-v.0.1.5.sql\n*** An SQL 2008 script that (once you create the Database) creates the Tables, Stored Procedures, and fills some data\n* /WEB\n** /App_Code\n*** Editor.vb\n*** Forum.vb\n*** ForumWs.vb (WebService)\n*** UrlVirtualVariable.vb\n** /App_GlobalResources\n*** Currently in English and Spanish (3 files)\n** /Bin\n*** Includes InSeCla related libraries\n*** AJax ControlToolkit Library\n** /Forum\n*** Code files: Default.aspx & Default.aspx.vb\n*** JS files: DialogBehavior.js, Editor.js, Forum.js, Table.js\n*** Other files: Css, /Theme (with images..)\n** Global.asax\n** web.config\n\n{{\n*VERSION: 0.1.4* \n}} FEATURES *ADDED*\n---- \n** Rating Threads (Through AjaxCTK (included Ms .DLL in the BIN folder))\n*** Empowered Within AJAX \n*** Custom star images\n*** Const AnnymousAllowsRating to allow anonymous users to rate or not\n**** Each Unique visitor can only rate 1 thread 1 time (per IP, featuring anti-fraudulent rating)\n** Links to current Category(forum) at top of each page (Thread & Posts pages).\n\n*BUGS/FIXES* Same as 0.1.3 with some bugs fixed:\n----\n** Improved language/cultures posts showed by direct querystring params, focused for SEO (google, yahoo and other crawler) on each unique url needs to show different content as per Lan/Cult indicated in url constructor.\n*Note: Current version has no admin mode and noway to user add threads/posts, so you need to fill the DB manually. But the script attached (the one that creates the tables and SPs) also fill some data.\n*Note: SEO current only on same page. SEO throught virtual url paths partial developed.\n\n!! FILES on this release\n* root\n** Visual Studio 2008 Project Solution - Forum.sln\n** Instructions.txt included\n* /DB\n** InSeCla-Forum-DB-SQL2008-Instalation-AfterCreateDB-v.0.1.4.sql\n*** An SQL 2008 script that (once you create the Database) creates the Tables, Stored Procedures, and fills some data\n* /WEB\n** /App_Code\n*** UrlVirtualVariable.vb\n** /App_GlobalResources\n*** Currently in English and Spanish\n** /Bin\n*** Includes InSeCla related libraries\n*** AJax ControlToolkit Library\n** /Forum\n*** Code files: Default.aspx & Default.aspx.vb\n*** Other files (Css, /Theme (with images,..)\n** Global.asax\n** web.config\n\n\n{{\n*VERSION: 0.1.3*\n}} *BUGS/FIXES* Same as 0.1.2 with some bugs fixed:\n----\n* Now the language/cultures DropDownList selectors works showing the related lang/cult posts.\n\nThis release includes all features of the v0.1.2\n\n{{\n*VERSION: 0.1.2*\n}} *FEATURES*\n----\n* Main Home\n** Where all the Forums (called Categories) are available\n** With last Posts\n* Forum-Category Home\n** Where all threads related are available\n** With last Posts\n* *Thread Home*\n** Where all Posts related are show\n\n\n*FEATURES INCLUDE*\n* Ajax \n** Latest Posts Refresh loading every X seconds on same page (configurable via const)\n* Pagination (on Forum-Category Home)\n** Threads\n* Multi-Language (the Magic kingdom)\n** User selectable Per\n*** Browser Language\n*** Browser Language & Culture\n*** Specific",
    "ReleasedDatge": "0001-01-01T00:00:00",
    "ModifiedDate": "2010-12-23T13:43:09.937-08:00",
    "Files": [
      {
        "Id": "1e979f58-a40e-4777-ac5f-3a76f1b7d907",
        "FileName": "developer.insecla.com-forum_v0.1.5.rar",
        "Url": "./2/1e979f58-a40e-4777-ac5f-3a76f1b7d907",
        "Type": "Application",
        "UploadDate": "2010-08-05T07:08:32.92-07:00"
      }
    ]
  },
  {
    "Id": "3",
    "Name": "InSeCla Forum Software v0.1.4",
    "DevelopmentStatus": "Alpha",
    "Description": "{{\n*VERSION: 0.1.4* \n}} FEATURES *ADDED*\n---- \n** Rating Threads (Through AjaxCTK (included Ms .DLL in the BIN folder))\n*** Empowered Within AJAX \n*** Custom star images\n*** Const AnnymousAllowsRating to allow anonymous users to rate or not\n**** Each Unique visitor can only rate 1 thread 1 time (per IP, featuring anti-fraudulent rating)\n** Links to current Category(forum) at top of each page (Thread & Posts pages).\n\n*BUGS/FIXES* Same as 0.1.3 with some bugs fixed:\n----\n** Improved language/cultures posts showed by direct querystring params, focused for SEO (google, yahoo and other crawler) on each unique url needs to show different content as per Lan/Cult indicated in url constructor.\n\n\n\n*Note: Current version has no admin mode and noway to user add threads/posts, so you need to fill the DB manually. But the script attached (the one that creates the tables and SPs) also fill some data.\n*Note: SEO current only on same page. SEO throught virtual url paths partial developed.\n\n!! FILES on this release\n* root\n** Visual Studio 2008 Project Solution - Forum.sln\n** Instructions.txt included\n* /DB\n** InSeCla-Forum-DB-SQL2008-Instalation-AfterCreateDB-v.0.1.4.sql\n*** An SQL 2008 script that (once you create the Database) creates the Tables, Stored Procedures, and fills some data\n* /WEB\n** /App_Code\n*** UrlVirtualVariable.vb\n** /App_GlobalResources\n*** Currently in English and Spanish\n** /Bin\n*** Includes InSeCla related libraries\n*** AJax ControlToolkit Library\n** /Forum\n*** Code files: Default.aspx & Default.aspx.vb\n*** Other files (Css, /Theme (with images,..)\n** Global.asax\n** web.config\n\n\n\n{{\n*VERSION: 0.1.3*\n}} *BUGS/FIXES* Same as 0.1.2 with some bugs fixed:\n----\n* Now the language/cultures DropDownList selectors works showing the related lang/cult posts.\n\nThis release includes all features of the v0.1.2\n\n\n{{\n*VERSION: 0.1.2*\n}} *FEATURES*\n----\n* Main Home\n** Where all the Forums (called Categories) are available\n** With last Posts\n* Forum-Category Home\n** Where all threads related are available\n** With last Posts\n* *Thread Home*\n** Where all Posts related are show\n\n\n*FEATURES INCLUDE*\n* Ajax \n** Latest Posts Refresh loading every X seconds on same page (configurable via const)\n* Pagination (on Forum-Category Home)\n** Threads\n* Multi-Language (the Magic kingdom)\n** User selectable Per\n*** Browser Language\n*** Browser Language & Culture\n*** Specific Language\n*** Specific Language & Culture\n*** All Languages & Cultures\n* *JScript Tables*\n** Boost pagination\n*** Real Instant pagination (It's Magic) No Postback's",
    "ReleasedDatge": "0001-01-01T00:00:00",
    "ModifiedDate": "2010-12-23T13:43:50.183-08:00",
    "Files": [
      {
        "Id": "e79be582-1d31-4324-9ba3-d688f2e4976f",
        "FileName": "developer.insecla.com-forum_v0.1.4.rar",
        "Url": "./3/e79be582-1d31-4324-9ba3-d688f2e4976f",
        "Type": "Application",
        "UploadDate": "2010-06-14T08:12:49.383-07:00"
      }
    ]
  },
  {
    "Id": "4",
    "Name": "developer.insecla.com-forum_v0.1.3",
    "DevelopmentStatus": "Alpha",
    "Description": "*VERSION: 0.1.3*\n*FEATURES*\n\n* Same as 0.1.2 with some bugs fixed:\n** - Now the language/cultures DropDownList selectors works showing the related lang/cult posts.\n\n\nThis release includes all features of the v0.1.2\n\n\n*VERSION: 0.1.2*\n*FEATURES*\n* Main Home\n** Where all the Forums (called Categories) are available\n** With last Posts\n* Forum-Category Home\n** Where all threads related are available\n** With last Posts\n* *Thread Home*\n** Where all Posts related are show\n\n\n*FEATURES INCLUDE*\n* Ajax \n** Latest Posts Refresh loading every X seconds on same page (configurable via const)\n* Pagination (on Forum-Category Home)\n** Threads\n* Multi-Language (the Magic kingdom)\n** User selectable Per\n*** Browser Language\n*** Browser Language & Culture\n*** Specific Language\n*** Specific Language & Culture\n*** All Languages & Cultures\n* *JScript Tables*\n** Boost pagination\n*** Real Instant pagination (It's Magic) No Postback's\n\n*Note: Current version has no admin mode and noway to user add threads/posts, so you need to fill the DB manually. But the script attached (the one that creates the tables and SPs) also fill some data.\n*Note: SEO current only on same page. SEO throught virtual url paths partial developed.\n\n\n\n!! FILES on this release\n* root\n** Visual Studio 2008 Project Solution - Forum.sln\n** Instructions.txt included\n* /DB\n** InSeCla-Forum-DB-SQL2008-Instalation-AfterCreateDB-v.0.1.2__5.sql\n*** An SQL 2008 script that (once you create the Database) creates the Tables, Stored Procedures, and fills some data\n* /WEB\n** /App_Code\n*** UrlVirtualVariable.vb\n** /App_GlobalResources\n*** Currently in English and Spanish\n** /Bin\n*** Includes InSeCla related libraries\n** /Forum\n*** Code files: Default.aspx & Default.aspx.vb\n*** Other files (Css, /Theme (with images,..)\n** Global.asax\n** web.config\n\n\nNext release (0.1.4) will have more, check soon",
    "ReleasedDatge": "0001-01-01T00:00:00",
    "ModifiedDate": "2010-06-09T17:37:24.767-07:00",
    "Files": [
      {
        "Id": "8e3a8064-a4ee-4e24-a229-20ab4daf8ee8",
        "FileName": "developer.insecla.com-forum_v0.1.3.rar",
        "Url": "./4/8e3a8064-a4ee-4e24-a229-20ab4daf8ee8",
        "Type": "Application",
        "UploadDate": "2010-06-09T17:37:24.047-07:00"
      }
    ]
  },
  {
    "Id": "5",
    "Name": "developer.insecla.com-forum_v0.1.2",
    "DevelopmentStatus": "Alpha",
    "Description": "!! First Release prior to CodePlex Publish (send to admins)\nSo, it doesn't all finish \n\n*VERSION: 0.1.2*\n*FEATURES*\n* Main Home\n** Where all the Forums (called Categories) are available\n** With last Posts\n* Forum-Category Home\n** Where all threads related are available\n** With last Posts\n* *Thread Home*\n** Where all Posts related are show\n\n\n*FEATURES INCLUDE*\n* Ajax \n** Latest Posts Refresh loading every X seconds on same page (configurable via const)\n* Pagination (on Forum-Category Home)\n** Threads\n* Multi-Language (the Magic kingdom)\n** User selectable Per\n*** Browser Language\n*** Browser Language & Culture\n*** Specific Language\n*** Specific Language & Culture\n*** All Languages & Cultures\n* *JScript Tables*\n** Boost pagination\n*** Real Instant pagination (It's Magic) No Postback's\n\n*Note: Current version has no admin mode and noway to user add threads/posts, so you need to fill the DB manually. But the script attached (the one that creates the tables and SPs) also fill some data.\n*Note: SEO current only on same page. SEO throught virtual url paths partial developed.\n\n\n\n!! FILES on this release\n* root\n** Visual Studio 2008 Project Solution - Forum.sln\n** Instructions.txt included\n* /DB\n** InSeCla-Forum-DB-SQL2008-Instalation-AfterCreateDB-v.0.1.2__5.sql\n*** An SQL 2008 script that (once you create the Database) creates the Tables, Stored Procedures, and fills some data\n* /WEB\n** /App_Code\n*** UrlVirtualVariable.vb\n** /App_GlobalResources\n*** Currently in English and Spanish\n** /Bin\n*** Includes InSeCla related libraries\n** /Forum\n*** Code files: Default.aspx & Default.aspx.vb\n*** Other files (Css, /Theme (with images,..)\n** Global.asax\n** web.config\n\n\nNext release will have more, check soon",
    "ReleasedDatge": "0001-01-01T00:00:00",
    "ModifiedDate": "2010-06-14T07:45:47.743-07:00",
    "Files": [
      {
        "Id": "df40aece-ebf0-413e-bd4b-390dbc8e9fc2",
        "FileName": "developer.insecla.com-forum_v0.1.2.rar",
        "Url": "./5/df40aece-ebf0-413e-bd4b-390dbc8e9fc2",
        "Type": "Source Code",
        "UploadDate": "2010-06-08T15:02:51.967-07:00"
      }
    ]
  },
  {
    "Id": "6",
    "Name": "InSeCla Forum Software v0.1.9",
    "DevelopmentStatus": "Beta",
    "Description": "{{\n*VERSION: 0.1.9* HAPPY CHRISTMAS\n}} FEATURES *ADDED*\n---- \n*** Added features customizabled per category level (Customize at ADMIN/Categories Tab)\n**** Allow Anonymous Threads, Allow Anonymous Post\n*** Virtual URLs (friendly urls) has finally added\n**** And you can have some forum (category) using virtual urls and other using normal urls.\n**** Check !, as this improve the SEO indexing results\n*** Moderation Instant On: Delete Thread, Move Thread\n**** Available to users being members of moderators or administrators\n**** InstantOn means that on the same page, you click a some Action Link/Btn and you have it done !, realtime, no page loads, no postbacks, check at new alive demo.\n**** Notification can be sent to the user (as a PM) auto. even plus with a reason \n**** All Moderation actions are logged in table Forum.Logs\n**** Moved threads can display a title like \"Moved ..\" within a automatic link to the new forum(category) to witch has moved\n\n*[url:http://www.twitter.com/InSeCla] account added, follow to know interesting words fom the team\n*Complete redesign of InSeCla Forum Website including an onlive alive demo (with admin granted permissions). Check at: [url:http://www.insecla.com/]\n*Added instalation support using Microsoft Web Platform Installer (PI), Great One!.  And as per some requests we will try to send to Ms. web gallery",
    "ReleasedDatge": "0001-01-01T00:00:00",
    "ModifiedDate": "2010-12-23T14:39:27.77-08:00",
    "Files": [
      {
        "Id": "0b898f39-06af-4535-b997-a28754439122",
        "FileName": "InSeCla-Forum_v0.1.9-5.zip",
        "Url": "./6/0b898f39-06af-4535-b997-a28754439122",
        "Type": "Source Code",
        "UploadDate": "2010-12-23T14:39:15.41-08:00"
      }
    ]
  }
]